id,model,number
1,audi,x001
2,bmw,x002
3,opel,x003
4,Opel,IT9512
5,Opel,PI2010
6,Opel,KS6205
7,Hyundai,CU9623
8,Toyota,ZP8633
9,Toyota,IG7194
10,Honda,YN8995
11,BMW,LD5602
12,Nissan,AJ7170
13,Peugeot,MP9683
14,Lada,MG5153
15,Opel,KA9168
16,Audi,FA5179
17,Honda,KM6746
18,Opel,UC2388
19,Peugeot,HG9269
20,Peugeot,VO8904
21,Renault,PM5104
22,Nissan,OP7367
23,Hyundai,VA9573
24,Audi,PU7713
25,Audi,NI6620
26,Nissan,GH3129
27,Renault,LZ4033
28,Hyundai,HJ8981
29,Hyundai,EO3818
30,Nissan,HR7314
31,Nissan,MW8028
32,Toyota,CT7214
33,Lada,PH2065
34,Honda,EM8264
35,BMW,KZ1043
36,Ford,QT5275
37,BMW,JL5965
38,Ford,IW4051
39,Honda,JE4751
40,Ford,TN6902
41,Opel,NS2710
42,BMW,JL5546
43,Honda,FT1724
44,Toyota,RZ5465
45,Ford,NU2800
46,Opel,MJ6411
47,Honda,EL4789
48,Nissan,DO1102
49,Toyota,YZ9837
50,Honda,ZZ9354
51,Honda,AZ5267
52,Ford,GI2769
53,Renault,HW1906
54,Nissan,PH3455
55,Toyota,OV7754
56,Hyundai,PH2773
57,Lada,QQ8466
58,Renault,NM6763
59,Hyundai,OW4184
60,Honda,AG5481
61,Peugeot,ZB7487
62,Nissan,KE2160
63,Hyundai,OD3679
64,Audi,TE5298
65,Opel,DL7984
66,Hyundai,EH2724
67,Honda,JW8771
68,Opel,WS8111
69,BMW,TI7219
70,Honda,LK3116
71,Toyota,OC5573
72,Renault,VU4155
73,Peugeot,MU4467
74,Nissan,HB4082
75,Opel,UV8574
76,Peugeot,RZ7134
77,Opel,VY5174
78,Hyundai,TU8311
79,Peugeot,OF8866
80,Renault,RW3290
81,Peugeot,VD2842
82,Ford,BN9908
83,Hyundai,YN2568
84,Peugeot,DL4786
85,BMW,QC3351
86,Peugeot,SA1398
87,BMW,NT6688
88,Peugeot,SK2476
89,Honda,JC3229
90,Toyota,EK3772
91,Honda,LC6088
92,Peugeot,VI3996
93,BMW,JM4390
94,Nissan,HI2907
95,Peugeot,SL7840
96,Hyundai,WY1362
97,Ford,JM5000
98,Renault,BK9410
99,Nissan,PU4931
100,Lada,QR4564
101,BMW,SA6741
102,Nissan,YG5451
103,Nissan,WT4032
104,BMW,GE1145
105,Ford,LX9511
106,Honda,CX2095
107,BMW,RR4888
108,Lada,ZM9807
109,Audi,NG6536
110,Honda,MA1239
111,BMW,QB4453
112,Hyundai,ZJ9942
113,Opel,RG1635
114,Honda,XW9345
115,Peugeot,QH9784
116,Opel,CE3128
117,Opel,RP1785
118,Nissan,PK3506
119,Hyundai,DS3994
120,Opel,DR5045
121,Lada,RJ1076
122,BMW,TW8363
123,Ford,PW5897
124,Nissan,IC6868
125,Hyundai,QX2390
126,BMW,YT1531
127,Peugeot,HO6126
128,BMW,DP2912
129,Audi,VZ9973
130,Audi,HL5542
131,BMW,JX9868
132,Lada,DB4251
133,Lada,PH4236
134,Opel,JE3397
135,Toyota,LA7441
136,Nissan,OP6720
137,Opel,XU2273
138,Nissan,LL5307
139,Ford,QY1324
140,Toyota,OM3166
141,Toyota,UG3465
142,Nissan,EO8858
143,Hyundai,JQ6490
144,Peugeot,VK7705
145,Honda,XL3297
146,Peugeot,KJ6522
147,Toyota,DM7456
148,Peugeot,NH7396
149,Nissan,QQ3083
150,Nissan,PA4345
151,Honda,JZ5587
152,BMW,DN7248
153,Honda,TQ4162
154,Hyundai,CP5841
155,Lada,HD3595
156,BMW,FG7599
157,Renault,KB9384
158,BMW,EN2631
159,Toyota,SF1239
160,Honda,VM9243
161,Ford,SZ1603
162,Peugeot,XY2939
163,Ford,BA1076
164,Lada,TL7263
165,Opel,KH5158
166,BMW,BS2785
167,Renault,PL4600
168,Lada,EH7158
169,Peugeot,QN4427
170,Lada,YH9510
171,Peugeot,HL6187
172,Peugeot,ZI2943
173,Nissan,UI2654
174,Renault,TB2539
175,Toyota,ZM2907
176,Peugeot,BR7586
177,Hyundai,LZ6787
178,Renault,QK7300
179,Opel,CT4214
180,Nissan,FQ8674
181,Hyundai,ST1529
182,Ford,KN2444
183,Nissan,HS1170
184,Ford,ZR9479
185,Opel,JI5343
186,Audi,VX5845
187,Nissan,TT4105
188,Lada,CD7152
189,Renault,SQ8970
190,BMW,XL5958
191,Toyota,WH7771
192,Hyundai,HJ2768
193,Audi,US1167
194,Renault,NP6369
195,Toyota,WB9109
196,Lada,GO3447
197,Audi,WX6390
198,Lada,WY4158
199,BMW,QQ2158
200,Peugeot,HJ7985
201,Renault,UY6203
202,Lada,UB5705
203,Hyundai,BB6248
204,Audi,YC2233
205,Lada,TA9615
206,Hyundai,YK3947
207,Nissan,LG3617
208,Honda,WC2161
209,Audi,MX4283
210,Hyundai,YI1097
211,Renault,RK5206
212,Peugeot,VF2937
213,Honda,VZ1272
214,Opel,OR8697
215,Lada,DZ8087
216,Peugeot,JF2646
217,BMW,XI7773
218,Audi,PB2819
219,Peugeot,ON3783
220,BMW,YZ1497
221,Renault,KJ4023
222,Hyundai,IM8693
223,Ford,JO7001
224,Peugeot,ZZ8054
225,Lada,MQ4174
226,Audi,AB2991
227,Peugeot,NQ7928
228,Nissan,DN5927
229,Ford,CJ5912
230,Opel,IY6341
231,Lada,XN7754
232,Audi,EF5838
233,Ford,QR4561
234,Opel,AV1589
235,Peugeot,YS9948
236,Toyota,EB5685
237,Hyundai,UK3045
238,Lada,ZH1329
239,Audi,OO7471
240,Audi,HU8893
241,Honda,XO8204
242,Opel,XW9631
243,Peugeot,JV3753
244,Toyota,HY2166
245,Honda,MS7901
246,Opel,UD6110
247,Toyota,ZT8222
248,Lada,GB4585
249,Ford,PJ9480
250,BMW,RW5212
251,Toyota,KH1579
252,Renault,BX3041
253,Hyundai,JJ1987
254,Opel,EE8173
255,Peugeot,TN7812
256,Nissan,SB8683
257,Renault,ZD6494
258,Peugeot,PB5222
259,Renault,JL1185
260,Honda,HE4777
261,BMW,RJ6168
262,Renault,XB3269
263,Audi,HQ2270
264,BMW,ND4748
265,BMW,FQ4848
266,Audi,BT2321
267,Hyundai,OA1570
268,Toyota,DI5897
269,Lada,RF1677
270,Lada,DJ5726
271,BMW,FH8787
272,Honda,JW5765
273,Peugeot,AO6432
274,Toyota,DY5841
275,Audi,CP2806
276,BMW,TR4135
277,Toyota,IE7924
278,Peugeot,YL8413
279,Hyundai,AK1655
280,Hyundai,DB2611
281,Audi,NR4057
282,Toyota,YP7173
283,BMW,OC7057
284,Renault,FZ1866
285,Ford,XC8624
286,Peugeot,SS4474
287,Opel,YA7179
288,Toyota,DW9546
289,BMW,CI2685
290,Audi,JD3378
291,Peugeot,RK2514
292,Renault,KI8168
293,Hyundai,UA7859
294,Honda,JL7322
295,Toyota,WF3959
296,Opel,KK9278
297,BMW,ID9321
298,Honda,UE5351
299,Lada,RC3765
300,Toyota,NV3540
301,Hyundai,LS6037
302,Honda,RN7155
303,Opel,DH5680
304,Renault,VC2335
305,Lada,GZ7347
306,Renault,EB6039
307,Renault,JE1497
308,Opel,BG1837
309,Toyota,MH6501
310,Ford,IK3732
311,Nissan,LJ8058
312,Ford,AO6652
313,Ford,UW4580
314,BMW,NT7522
315,Peugeot,IJ7001
316,BMW,PJ9460
317,Ford,UW6096
318,Renault,SR7120
319,BMW,RF2852
320,Lada,BJ7797
321,Nissan,GT8085
322,Honda,GG7882
323,Peugeot,KD9868
324,Audi,DC9692
325,Renault,HK1939
326,Lada,SJ4055
327,Peugeot,XD1946
328,Toyota,PZ5635
329,BMW,PR5457
330,Renault,PO3710
331,Peugeot,LW6450
332,Ford,XT2874
333,Lada,JO1658
334,Audi,PF5513
335,Audi,WU1858
336,Hyundai,NG6707
337,Ford,IJ1706
338,Audi,SG8133
339,BMW,FO5813
340,Toyota,NB5629
341,BMW,QP1778
342,Audi,RT3920
343,Audi,YX9586
344,Nissan,AI2964
345,Lada,KA8814
346,Audi,BT4799
347,Renault,JP4971
348,BMW,DR1810
349,Peugeot,JO9063
350,Ford,SE1647
351,Audi,PI1256
352,Peugeot,SY3812
353,Peugeot,MH5313
354,Opel,CT4117
355,Hyundai,AT9212
356,Honda,OV1024
357,Audi,FX1889
358,Ford,YD7998
359,Toyota,DL1655
360,Opel,JY9119
361,BMW,KZ6066
362,Lada,UF4304
363,Audi,QA7841
364,Toyota,TX6116
365,Ford,EQ1201
366,Lada,SH3449
367,Toyota,ZS9648
368,Lada,JV1730
369,Lada,WZ2266
370,BMW,NA1773
371,Honda,MN2065
372,Nissan,IU1276
373,Lada,QF9887
374,Renault,OD1390
375,Toyota,CJ2451
376,BMW,LS1759
377,Nissan,VK8749
378,Lada,WY5317
379,Toyota,VX3689
380,Renault,NX2649
381,Opel,FN8468
382,Nissan,GX9106
383,Peugeot,FW3560
384,Peugeot,SR9169
385,Ford,OB9478
386,Ford,YC4538
387,Renault,DJ2845
388,Opel,BF9527
389,Honda,HE1067
390,Audi,OY6015
391,Audi,KM7788
392,Hyundai,OD8838
393,Toyota,FA6794
394,Ford,TF4902
395,Audi,AY6110
396,Audi,ZC6448
397,Audi,UK3509
398,BMW,JX9332
399,BMW,ZC6749
400,Audi,NT3296
401,Peugeot,FC4362
402,Nissan,WX4206
403,Ford,MA1819
404,Ford,HU9673
405,Audi,IH1772
406,Hyundai,HP3840
407,BMW,ZK4625
408,Renault,TU5096
409,Hyundai,SU2273
410,Lada,PX7001
411,Audi,PF5670
412,Audi,YQ2724
413,Peugeot,YU4296
414,Renault,FA1010
415,Renault,PZ5999
416,Nissan,RY7907
417,Audi,SY6190
418,Renault,SJ8969
419,Honda,LV1370
420,Honda,AD2507
421,Hyundai,NG8043
422,Lada,SQ2764
423,Hyundai,EF1818
424,Lada,AL5397
425,Honda,AK4708
426,Peugeot,BL5923
427,Renault,EM8907
428,Lada,KN6126
429,Nissan,HX5638
430,Audi,OJ1154
431,Ford,JY3319
432,BMW,FP5550
433,Lada,KF2040
434,Ford,LH8116
435,Peugeot,AK8430
436,Renault,FV8314
437,Lada,JN4376
438,Nissan,EN4469
439,Audi,IS8302
440,Opel,KJ7816
441,Renault,TF2468
442,Audi,QN2225
443,Nissan,UM8204
444,Honda,VB9079
445,Audi,KJ1943
446,Nissan,QH3710
447,Toyota,ZT4153
448,Ford,BT7857
449,Nissan,BL7214
450,Ford,AU8399
451,Renault,KN3511
452,Hyundai,VK7381
453,Hyundai,NF7761
454,Audi,JK4120
455,Opel,BG8800
456,Peugeot,TK9354
457,Opel,FL4651
458,BMW,BI4872
459,Renault,CC8182
460,Toyota,YE5763
461,Nissan,CI7793
462,Nissan,JV3964
463,Lada,RJ5093
464,Renault,IA4262
465,Nissan,HY6662
466,BMW,TT5556
467,Audi,ZQ9977
468,Ford,LD9710
469,Toyota,YE1685
470,Honda,QF8142
471,Ford,IT1695
472,Ford,RA8310
473,Ford,YG6895
474,Toyota,SS6430
475,Renault,FY6151
476,Opel,PA3505
477,Lada,QR9601
478,Renault,QO6658
479,Lada,XL8179
480,Renault,YS4189
481,Nissan,IU6443
482,Nissan,GV7265
483,Opel,CG9506
484,Nissan,LS4049
485,Peugeot,LC4722
486,Nissan,NL3346
487,Hyundai,GZ3566
488,BMW,AO8285
489,BMW,FO4488
490,Renault,ES4721
491,Honda,GL6054
492,Ford,EI2082
493,Opel,KO3934
494,Nissan,SP8392
495,Audi,VG5052
496,Nissan,QA4848
497,Nissan,GX1329
498,Hyundai,GM1322
499,Renault,YA6925
500,Peugeot,KG3683
501,Audi,WH9795
502,Opel,IT7026
503,BMW,EW6646
504,Audi,JT1929
505,Nissan,HG1210
506,Opel,CS5321
507,Ford,HP1249
508,Lada,IJ2577
509,Audi,XS8976
510,Honda,RW5888
511,Ford,HL3178
512,Audi,ZO6670
513,Opel,GH5583
514,Lada,KO5568
515,Nissan,ZX1426
516,Audi,YK2600
517,Opel,HJ7076
518,Peugeot,GR7991
519,Renault,WO4951
520,Opel,MM3020
521,Audi,XP2536
522,Peugeot,YY9403
523,Hyundai,NN7193
524,BMW,WN5607
525,Renault,PM2820
526,Honda,RA9343
527,Audi,MA4208
528,Peugeot,IX3083
529,BMW,GA3308
530,Ford,VC4260
531,Honda,UQ8578
532,BMW,KQ2101
533,Hyundai,NF1965
534,Hyundai,YQ9147
535,Hyundai,KM3466
536,Hyundai,UD7339
537,Lada,NU6599
538,Hyundai,VV7345
539,Peugeot,ZF7265
540,Hyundai,SP4821
541,Toyota,FH8916
542,BMW,XJ8226
543,Audi,EX1024
544,Lada,LQ4400
545,Honda,PG4437
546,Peugeot,NF2126
547,Renault,SQ9560
548,BMW,EM4872
549,BMW,HP6001
550,Peugeot,ZQ5613
551,Hyundai,CH3706
552,Ford,XR5141
553,Ford,FS9977
554,Hyundai,XZ7671
555,Renault,SB3178
556,Renault,FN5855
557,Audi,HW5524
558,Nissan,SR9168
559,Toyota,NB6476
560,Hyundai,RF1988
561,Nissan,PK3172
562,BMW,EB1324
563,Toyota,ZF6095
564,BMW,NU6371
565,Nissan,GO5900
566,Opel,UI4593
567,BMW,XQ4954
568,Nissan,AM9239
569,Opel,WE2908
570,Peugeot,PV9313
571,Opel,KX2305
572,Renault,KR4477
573,Renault,EG4006
574,Honda,YL6706
575,BMW,CT1997
576,Audi,KQ6605
577,Toyota,XJ5348
578,Lada,FV9880
579,Lada,WT6497
580,BMW,DL2222
581,Nissan,LK4476
582,Opel,PD4970
583,Honda,OA3952
584,Peugeot,PC5413
585,Lada,VX5124
586,Toyota,QX2019
587,Opel,LD3784
588,Renault,OC1220
589,Ford,IA3789
590,Honda,LN6461
591,Honda,SW6203
592,Audi,QU2994
593,Opel,VF4292
594,Nissan,WF3527
595,Lada,MT4389
596,Opel,AR6214
597,Lada,GS7762
598,Nissan,WF3586
599,Ford,NS6130
600,Audi,JA3319
601,Ford,DR6573
602,Opel,KY4958
603,Ford,KR4030
604,Peugeot,CE5341
605,Ford,BF7160
606,BMW,SH4020
607,Nissan,FO4371
608,Ford,LB4677
609,Peugeot,IU6405
610,BMW,IP4392
611,Renault,AW2815
612,Audi,CD3440
613,Renault,IM7448
614,Lada,HG5348
615,Renault,VA6027
616,Renault,IL2552
617,BMW,WM9030
618,Toyota,TC3269
619,Peugeot,SX5837
620,Honda,ZT6001
621,Peugeot,EL6643
622,Hyundai,KC8553
623,Ford,CS3156
624,Hyundai,WS6609
625,Ford,HZ7844
626,Lada,UR3408
627,Opel,OQ4229
628,Hyundai,RZ7647
629,Toyota,CS3343
630,Ford,XC7293
631,Ford,IB2032
632,Peugeot,WE2873
633,BMW,AB1375
634,Audi,KC8694
635,Lada,CI9456
636,Peugeot,IM4344
637,Peugeot,FV8572
638,Ford,KR5948
639,Peugeot,UR4460
640,Lada,UM2187
641,Nissan,OL8184
642,Peugeot,YK5351
643,Honda,OA9337
644,Honda,GN5875
645,BMW,GE8620
646,Hyundai,DI1603
647,Toyota,KN4730
648,Audi,JL9567
649,Lada,XZ4988
650,Opel,FL9148
651,Nissan,QM5326
652,Audi,NU1010
653,Lada,AL9021
654,Renault,XM9110
655,Peugeot,FH4074
656,Toyota,VA8666
657,Opel,NA2942
658,Peugeot,YP2689
659,Peugeot,VM8247
660,BMW,AQ7941
661,Audi,FF7578
662,Lada,SE2239
663,Toyota,YL2999
664,Ford,TR2989
665,Nissan,LL2433
666,Lada,FU3276
667,Opel,ZW2008
668,Lada,LQ4449
669,BMW,AM8768
670,Opel,OF4380
671,Lada,CN5441
672,BMW,XR5436
673,Hyundai,TO3736
674,BMW,RY3106
675,Opel,DZ9794
676,Toyota,KT3551
677,Hyundai,WY8490
678,BMW,LR1680
679,Toyota,GT9178
680,Audi,FE8626
681,Ford,KI5287
682,Audi,YG5891
683,Toyota,RM8893
684,Hyundai,IB9739
685,Opel,OW6151
686,Opel,WQ3939
687,Hyundai,VD1048
688,Opel,QS4579
689,Lada,VM1619
690,Ford,OW5599
691,BMW,CQ8806
692,Renault,CT2302
693,Toyota,VP6611
694,Hyundai,BT5317
695,Renault,AS9896
696,Lada,VG5548
697,Honda,ED5968
698,Honda,XG5040
699,Hyundai,MU4587
700,Audi,AH7268
701,Ford,DI7724
702,Nissan,SX6288
703,Audi,RN2133
704,Toyota,CD2272
705,Lada,YW6935
706,Honda,DN4681
707,BMW,JM2929
708,Toyota,QI6320
709,Peugeot,BD3084
710,Honda,XJ4545
711,Honda,RO5748
712,Nissan,KK1975
713,Hyundai,QP4431
714,Audi,WF7187
715,Ford,IU1013
716,BMW,QH4634
717,Honda,SK2610
718,Lada,DO9664
719,BMW,TC9831
720,Opel,GE3612
721,Hyundai,AF8989
722,Toyota,NZ2210
723,Audi,IY4158
724,Audi,YR2071
725,BMW,SX8711
726,Nissan,QR4287
727,Renault,TO7292
728,Opel,YM6169
729,Toyota,GS2217
730,Opel,MW5542
731,BMW,KV6718
732,BMW,MM3597
733,BMW,HT1892
734,Audi,KE2209
735,BMW,WO1614
736,Hyundai,WJ8135
737,Lada,QN8073
738,Opel,OR7637
739,Lada,UE5497
740,Nissan,LQ1752
741,Lada,HP6481
742,Toyota,DH3309
743,BMW,IV7242
744,Ford,HP2510
745,Toyota,UL9943
746,Audi,NK6526
747,Opel,CX4700
748,BMW,LS8365
749,Ford,FO8748
750,Honda,NK4271
751,Lada,OW8042
752,Hyundai,HH6458
753,BMW,JQ2942
754,Audi,OD3683
755,Toyota,CW6610
756,Peugeot,FV9270
757,Toyota,OS5475
758,Audi,KK4331
759,Peugeot,NQ3310
760,BMW,FZ1053
761,Toyota,ZJ8162
762,Ford,NT3415
763,Honda,DF4126
764,Audi,TB2630
765,Lada,CX2986
766,Peugeot,ZS1583
767,Ford,VJ4668
768,Audi,WJ6387
769,Renault,LT2258
770,Lada,QF7537
771,Ford,FD8591
772,Lada,MX7924
773,Lada,AZ4688
774,Nissan,UE5790
775,Lada,XW2163
776,Renault,NW2580
777,Honda,WL1130
778,Lada,KR4214
779,Audi,OS2468
780,Ford,TE2458
781,Peugeot,ZA9506
782,Renault,WZ7226
783,Honda,WF7247
784,Honda,HW4922
785,Renault,YO1489
786,Honda,WL3329
787,Hyundai,LK2873
788,Nissan,XR6744
789,BMW,AV2688
790,Audi,WR5248
791,Audi,IT9214
792,Toyota,SI6891
793,Toyota,EZ8169
794,Opel,VV2612
795,Lada,OL8492
796,BMW,WE3730
797,Audi,CW8356
798,Hyundai,LT5234
799,Renault,SN4843
800,Honda,XM5250
801,Audi,GS1451
802,Honda,CG7248
803,Nissan,UV3859
804,Peugeot,UG8207
805,Lada,CL6509
806,Audi,GF2437
807,Honda,ZC2218
808,Ford,GW3103
809,Opel,HN9319
810,Peugeot,UI4097
811,Opel,ZZ9580
812,Honda,RY9362
813,BMW,TF7164
814,Lada,GX4586
815,Audi,UL8455
816,BMW,RR5287
817,BMW,QU5577
818,BMW,QP4929
819,BMW,XN3449
820,Nissan,VS5291
821,Honda,HD3783
822,Hyundai,JZ2756
823,Toyota,RM8259
824,BMW,XR4554
825,Opel,WJ1296
826,Toyota,DR8772
827,Audi,FL8788
828,Opel,OV5766
829,Honda,DD7409
830,Honda,MT1039
831,Ford,ZK4209
832,Audi,ZA1239
833,Hyundai,YR7526
834,Nissan,FB1767
835,Opel,MD7332
836,Toyota,UL4122
837,Lada,WR2926
838,Lada,DI5347
839,Lada,ZX8893
840,Honda,EH4796
841,Lada,VH7581
842,BMW,PD4509
843,BMW,NE5772
844,Honda,XT2745
845,Renault,GD1218
846,Toyota,UR6470
847,Audi,VT3789
848,Renault,XR4096
849,Opel,VW6711
850,BMW,CA9078
851,Honda,SB2016
852,Opel,IP5375
853,Peugeot,ZQ1328
854,Audi,GX4224
855,Ford,DZ2493
856,Audi,PF1416
857,Peugeot,AA8281
858,BMW,OP3812
859,Hyundai,QB9271
860,Opel,VG4062
861,Honda,BC4146
862,Opel,EX7949
863,Opel,YS2292
864,Opel,IU2638
865,Renault,MM2758
866,Toyota,SM8055
867,Toyota,CR8606
868,Honda,XF8757
869,Honda,WA3366
870,Toyota,EN1288
871,Hyundai,KL8136
872,Audi,OL6704
873,Opel,OQ8829
874,Nissan,PF1739
875,Peugeot,KV9638
876,Opel,XM9408
877,Toyota,VW8161
878,Audi,SY3148
879,Lada,NK3882
880,Toyota,WN5930
881,Ford,IJ4675
882,Hyundai,BN3980
883,Ford,VP2482
884,Lada,SK1461
885,BMW,EK7932
886,Audi,VC4230
887,Renault,YW2970
888,Renault,YK8975
889,BMW,DR1628
890,Lada,WD3696
891,Lada,YP4526
892,Hyundai,QH7533
893,BMW,NU5851
894,Renault,ZQ1553
895,Peugeot,OI1286
896,Renault,EQ6570
897,Renault,VL5317
898,Renault,QH6227
899,Hyundai,KM6459
900,Hyundai,UA7896
901,Lada,AT9866
902,Renault,RM5166
903,Audi,TY7784
904,Ford,WT8547
905,Ford,DB4747
906,Toyota,ND5340
907,Peugeot,OW8269
908,Ford,WO3665
909,Toyota,RI5059
910,Toyota,VS7053
911,Audi,VM8502
912,BMW,VL3995
913,BMW,XZ3080
914,Lada,LT6032
915,Renault,LL7922
916,Hyundai,TL8367
917,Ford,JZ8572
918,Opel,AG5014
919,Opel,BQ6173
920,Honda,OY5552
921,Nissan,BC7270
922,Lada,GZ4980
923,Lada,ZS4365
924,Renault,NQ3441
925,Opel,WF8901
926,Nissan,RX8750
927,Nissan,BU7228
928,Peugeot,WB7856
929,Toyota,WZ9249
930,BMW,DN5613
931,BMW,CA3471
932,Lada,ZI6229
933,Hyundai,WH8984
934,Peugeot,KD1307
935,Renault,SA1670
936,Honda,IL6735
937,Opel,GY4832
938,BMW,KS7736
939,Peugeot,RD2035
940,Opel,JY2191
941,Toyota,JQ3793
942,Peugeot,CC7996
943,Audi,XG7083
944,BMW,HI1906
945,Ford,VH9855
946,Hyundai,ID1188
947,Lada,IW7316
948,Renault,SE8794
949,Audi,DT4821
950,Nissan,LZ6027
951,Honda,XS3243
952,Honda,IS5871
953,Renault,EA7743
954,Nissan,FN4676
955,Honda,LA2186
956,BMW,DF4079
957,Renault,YF6159
958,Lada,PK8743
959,Hyundai,AS2419
960,Renault,DE3445
961,Renault,WU1946
962,Ford,OH6283
963,BMW,GR9256
964,Peugeot,EA8682
965,Nissan,ZB9401
966,Opel,YF7578
967,Toyota,KE3516
968,Opel,JH1759
969,Peugeot,QJ6462
970,Ford,TY9176
971,BMW,MO2488
972,Audi,XZ7343
973,Hyundai,CC8617
974,BMW,GM2126
975,Honda,YY2361
976,Ford,EH2360
977,Renault,BI5527
978,Opel,MU7911
979,Peugeot,IO7896
980,Peugeot,DF5075
981,Renault,XE9317
982,Hyundai,LY5261
983,Ford,RR4787
984,Renault,IX4713
985,Ford,TU3481
986,Audi,OT7039
987,Toyota,DH3775
988,Honda,ID1528
989,Nissan,MY2073
990,Nissan,DL5962
991,Opel,LV3723
992,Ford,NA9779
993,Ford,UZ5314
994,Audi,MB9956
995,Honda,OG7879
996,Nissan,GU8008
997,Hyundai,OL4292
998,Honda,KS8831
999,BMW,DG2552
1000,BMW,IU5285
1001,BMW,XH7581
1002,Nissan,JL4407
1003,Audi,MG9607
1004,Renault,LD7757
1005,Honda,IP4725
1006,Audi,BN5193
1007,Peugeot,QM2899
1008,Lada,AM2042
1009,Honda,NM3572
1010,Hyundai,AU7692
1011,Hyundai,KX8493
1012,BMW,QJ6955
1013,Peugeot,JD5431
1014,Audi,LK9066
1015,Renault,TM5325
1016,Hyundai,KD1921
1017,Opel,ZI3845
1018,Nissan,SP8710
1019,Opel,NS2139
1020,BMW,CB5453
1021,Opel,XA7344
1022,Hyundai,TR7642
1023,Audi,IC1288
1024,Ford,FA8373
1025,Lada,UL8796
1026,Hyundai,GX5646
1027,Ford,NY7971
1028,Nissan,OB6316
1029,Ford,BY9252
1030,BMW,CY2349
1031,Audi,TH3758
1032,Ford,ZG7839
1033,Toyota,TN5762
1034,Lada,GY1174
1035,Audi,JO4476
1036,BMW,WC3593
1037,Hyundai,VK6952
1038,Toyota,IY8490
1039,Renault,BX7626
1040,Audi,NH7188
1041,Toyota,FB5807
1042,Hyundai,UB3647
1043,Hyundai,WP8743
1044,Opel,MO2612
1045,Ford,EL2077
1046,Peugeot,UY4839
1047,Peugeot,MG6052
1048,Nissan,AQ2423
1049,BMW,EZ4180
1050,Peugeot,DT8464
1051,Nissan,UQ3123
1052,Hyundai,GL2682
1053,Ford,TD9931
1054,Ford,SM9498
1055,Ford,DN3480
1056,Honda,RO9914
1057,Renault,ZB3960
1058,Renault,OM8251
1059,Peugeot,JD9014
1060,Opel,QY3304
1061,Renault,FA7425
1062,BMW,CM1040
1063,Nissan,KQ4949
1064,Audi,LO8478
1065,Lada,WE1247
1066,Opel,QR8706
1067,Peugeot,DQ4540
1068,Audi,IO3313
1069,Lada,LO7107
1070,Renault,EW4603
1071,Hyundai,OR3016
1072,Audi,WF2033
1073,Ford,EF5518
1074,Lada,XU1837
1075,Ford,WE6401
1076,Ford,OF5242
1077,Nissan,EV1341
1078,Opel,DF4775
1079,Audi,MF8370
1080,Nissan,TF4678
1081,Nissan,ER4306
1082,Nissan,RT1713
1083,Honda,FV1449
1084,BMW,FD1028
1085,Ford,JO6639
1086,Hyundai,XS3677
1087,Peugeot,SZ1742
1088,Hyundai,PX6218
1089,Audi,SX2966
1090,Renault,RO8076
1091,Lada,AR1690
1092,Audi,NH7545
1093,Opel,EG4793
1094,Lada,FF5585
1095,Honda,RW2488
1096,Hyundai,RI1974
1097,Renault,SV8016
1098,Toyota,SK6034
1099,Lada,JC3072
1100,Audi,TK9410
1101,BMW,YC6769
1102,Hyundai,NI4978
1103,Hyundai,HU5388
1104,Nissan,WS3562
1105,Ford,ZU5558
1106,Ford,YQ8240
1107,Nissan,FA1914
1108,Ford,ME8411
1109,Hyundai,RH3602
1110,Opel,PZ2507
1111,Audi,ZB7241
1112,Ford,WE9471
1113,Audi,VI6011
1114,Ford,PK8930
1115,Audi,YH7520
1116,Opel,TZ2817
1117,BMW,AM6072
1118,Peugeot,NR1378
1119,Opel,VH6593
1120,Hyundai,TO2597
1121,Peugeot,CS3734
1122,Opel,UT2983
1123,Peugeot,ZD5651
1124,Hyundai,UT2708
1125,Toyota,JG9010
1126,Ford,TU9499
1127,BMW,ZX7602
1128,Lada,SE3796
1129,Nissan,KQ8987
1130,Honda,WK2625
1131,Honda,VT1846
1132,Peugeot,UR6938
1133,Renault,CU3602
1134,Nissan,AQ3237
1135,Honda,RC4288
1136,Peugeot,BJ9091
1137,Toyota,KT7247
1138,Ford,SR8242
1139,BMW,LK3627
1140,Audi,YD9691
1141,Audi,SD9088
1142,BMW,UE1331
1143,Audi,QE5393
1144,Renault,PL1963
1145,Honda,OQ3975
1146,Hyundai,QN6300
1147,Hyundai,AN8796
1148,Lada,PV2160
1149,Hyundai,OO5848
1150,Honda,QT9792
1151,Audi,KU1160
1152,Opel,TK4420
1153,Ford,MV7943
1154,Honda,VS3246
1155,Honda,WT8738
1156,BMW,QZ3434
1157,Toyota,GF8579
1158,Toyota,SL6950
1159,Peugeot,YZ3899
1160,Opel,TZ7129
1161,Audi,UP3347
1162,Lada,BN5900
1163,Audi,UH1093
1164,Audi,UU1248
1165,Toyota,SH1325
1166,Renault,SO4091
1167,Nissan,MH5766
1168,Audi,VD5982
1169,Renault,PZ1797
1170,Lada,DC4859
1171,Honda,KW3687
1172,BMW,IH1737
1173,Hyundai,GA5280
1174,Opel,KW8975
1175,Lada,BY1907
1176,BMW,NO5213
1177,Ford,LU2251
1178,Ford,WL4949
1179,Toyota,CQ6662
1180,Peugeot,UU2019
1181,Ford,PE3857
1182,Opel,TH7706
1183,Ford,XC2853
1184,Lada,NW1791
1185,Nissan,IB1354
1186,Nissan,XJ7827
1187,Peugeot,ZL7504
1188,Ford,KM2140
1189,Honda,SP1160
1190,BMW,EX5641
1191,Hyundai,DW1167
1192,Renault,VM9429
1193,Honda,SW4587
1194,Toyota,VA5975
1195,Peugeot,YI9324
1196,Toyota,NI4691
1197,Nissan,MB6834
1198,Hyundai,NI4872
1199,Nissan,HA8862
1200,BMW,KJ9397
1201,Toyota,DA5634
1202,Audi,VD7650
1203,BMW,CC5175
1204,Toyota,ZV2722
1205,Hyundai,GN8720
1206,Nissan,GF4821
1207,Nissan,DC2054
1208,Renault,EV4692
1209,Renault,YP4197
1210,Audi,ND9692
1211,Lada,OD9334
1212,Renault,TX3178
1213,Peugeot,OM7420
1214,Renault,RY2449
1215,Hyundai,VW3719
1216,Toyota,YU8051
1217,Hyundai,WY3620
1218,Ford,LP9050
1219,Peugeot,ZW9977
1220,Toyota,JY7047
1221,BMW,QQ3028
1222,Peugeot,UO9476
1223,Toyota,ZW2095
1224,Nissan,NC7805
1225,Peugeot,KK7545
1226,Nissan,CV5176
1227,Nissan,YG4458
1228,Honda,FF6639
1229,Renault,ZS4745
1230,Peugeot,IB8655
1231,Audi,KT6175
1232,Toyota,VK7885
1233,Hyundai,YP4026
1234,Toyota,TC9282
1235,Lada,PA6216
1236,Toyota,HT7737
1237,Opel,XL9310
1238,BMW,IV9198
1239,Honda,PW6173
1240,Honda,AR9127
1241,Honda,OV5150
1242,Audi,SC4570
1243,Audi,QT7439
1244,BMW,LY1255
1245,BMW,JR3326
1246,BMW,ZX6883
1247,Audi,WP9998
1248,Nissan,OA4107
1249,Hyundai,AB3470
1250,Renault,KU6417
1251,Nissan,IO2296
1252,Audi,LG5092
1253,Opel,VR7166
1254,BMW,KW5947
1255,Hyundai,UP8678
1256,Renault,IE5909
1257,Nissan,LQ2932
1258,Nissan,HA6823
1259,BMW,AC1585
1260,Nissan,FQ1934
1261,Lada,RR9389
1262,Audi,RG7996
1263,Honda,DR5025
1264,Hyundai,NG5533
1265,Ford,DA8838
1266,Lada,NJ7892
1267,Nissan,CN1364
1268,Lada,WB3928
1269,Toyota,BR5030
1270,Toyota,AO4451
1271,Renault,VL1019
1272,Renault,AV3023
1273,Nissan,YR2944
1274,Toyota,HW9136
1275,Renault,GF6703
1276,Lada,GD2908
1277,Lada,UW8957
1278,BMW,TF4722
1279,Honda,OC1775
1280,BMW,LT7214
1281,Lada,TC2231
1282,Audi,CO9337
1283,Lada,HT1920
1284,BMW,ZT8433
1285,Toyota,IQ8066
1286,Peugeot,QJ4012
1287,Audi,JM1800
1288,Hyundai,XX3295
1289,Peugeot,VZ8545
1290,Ford,LG4543
1291,Lada,KV7735
1292,Peugeot,TC5170
1293,Hyundai,KH4334
1294,Opel,YR9517
1295,Ford,RL8128
1296,Audi,EU4345
1297,Renault,PD8438
1298,Opel,QZ7095
1299,Renault,ES9264
1300,Toyota,PG4292
1301,Lada,AH6909
1302,Nissan,SJ5943
1303,Audi,KD4379
1304,Renault,SV3864
1305,Ford,GG4115
1306,Audi,IM3819
1307,Honda,DQ9959
1308,Opel,BB6582
1309,Ford,OK8862
1310,BMW,VR7139
1311,Honda,YX1309
1312,Toyota,FX6931
1313,Renault,XA4736
1314,Ford,IM9236
1315,Toyota,UL6615
1316,Lada,CO8220
1317,Lada,JB7374
1318,Peugeot,UF8894
1319,Peugeot,UV5803
1320,Audi,LV7315
1321,Lada,XX2254
1322,Opel,YR3633
1323,Opel,BT4680
1324,Toyota,FE9624
1325,BMW,DU9115
1326,Peugeot,RG4220
1327,Audi,UW2142
1328,Ford,IQ6903
1329,Opel,CV4934
1330,Honda,JE9104
1331,Lada,HZ4554
1332,Audi,ZZ5963
1333,Audi,LX8022
1334,Honda,SN9427
1335,Ford,FR6833
1336,Audi,YW3761
1337,Peugeot,BT1040
1338,Renault,UH7752
1339,BMW,RW9976
1340,BMW,QP9805
1341,Opel,TM3707
1342,Lada,MW1299
1343,Nissan,RJ2484
1344,Audi,TN2814
1345,Ford,FQ8980
1346,Ford,OW6933
1347,BMW,JX3131
1348,Peugeot,IC9932
1349,BMW,LC1805
1350,Ford,QT7468
1351,Toyota,TZ1735
1352,Renault,DG5548
1353,Lada,TF2666
1354,Renault,DU3378
1355,Hyundai,SG9177
1356,Peugeot,ZK9524
1357,Honda,EL5932
1358,Nissan,UI6932
1359,Lada,IZ3163
1360,Toyota,DR1996
1361,Renault,SZ2579
1362,Audi,VR4911
1363,Lada,DS7876
1364,Toyota,OH2202
1365,Peugeot,GS3962
1366,Lada,ZV8989
1367,Hyundai,MC1351
1368,Opel,VM6079
1369,Honda,CV6472
1370,Nissan,GT2915
1371,Nissan,BV8352
1372,Toyota,NW4022
1373,Nissan,DY5683
1374,Opel,PP2392
1375,Honda,KH6821
1376,Hyundai,OB8372
1377,Ford,II6897
1378,Hyundai,KN2487
1379,Opel,DT4560
1380,Nissan,VT7193
1381,Honda,NP2586
1382,Ford,CF8943
1383,Honda,MM5317
1384,Honda,YQ8930
1385,Audi,TF4462
1386,Opel,UQ1617
1387,Ford,ZM3112
1388,Nissan,RD1020
1389,Toyota,RK1950
1390,Audi,CJ7221
1391,Ford,PT4703
1392,Renault,XB2664
1393,Ford,BO6317
1394,Toyota,GT8194
1395,Lada,BY8194
1396,Nissan,WY4930
1397,Toyota,NO6999
1398,Hyundai,XX7299
1399,Peugeot,ZP6563
1400,Renault,BO1264
1401,Honda,MS2615
1402,Peugeot,WJ7429
1403,Opel,UF7808
1404,Renault,XY9995
1405,Peugeot,TE8433
1406,Ford,HU6928
1407,Peugeot,LO2168
1408,Nissan,GV9550
1409,BMW,WH3512
1410,Hyundai,RQ8111
1411,Honda,HR1021
1412,Nissan,IH5304
1413,Renault,ZM1547
1414,Honda,RU6216
1415,Hyundai,VM2294
1416,Lada,TK6101
1417,Ford,SL4231
1418,Opel,OL2031
1419,Honda,AD3606
1420,Ford,AE9953
1421,Renault,NO5098
1422,Renault,II9754
1423,Audi,OZ2532
1424,Opel,JH3250
1425,Peugeot,UC6991
1426,BMW,AQ9219
1427,Hyundai,FC8429
1428,Lada,UD4731
1429,Peugeot,LB1233
1430,Opel,XR8089
1431,Ford,PF6300
1432,Peugeot,GI4017
1433,Ford,GA2832
1434,Audi,MU1211
1435,BMW,JV6565
1436,Opel,XN7820
1437,Nissan,SW3596
1438,Toyota,SK6202
1439,BMW,CB5817
1440,Hyundai,BX4726
1441,Lada,NB4813
1442,Peugeot,HG4915
1443,Lada,LS5050
1444,Hyundai,PE3493
1445,Lada,VD2157
1446,Honda,YC8051
1447,Audi,CD9934
1448,Lada,JA2582
1449,Hyundai,NA1063
1450,Peugeot,RK4764
1451,Peugeot,FZ5735
1452,Lada,XZ8502
1453,Opel,BU3149
1454,Hyundai,HG4052
1455,BMW,DC5365
1456,Hyundai,MH2213
1457,Opel,OL9600
1458,Hyundai,FM5478
1459,Honda,UG1235
1460,BMW,EV5567
1461,Toyota,UZ1233
1462,Peugeot,AE7602
1463,Opel,VE4906
1464,Renault,MR7701
1465,Audi,UJ8571
1466,Toyota,QO8499
1467,Hyundai,OY2804
1468,Audi,UF7396
1469,Audi,XX3846
1470,Toyota,TQ9290
1471,Hyundai,LR1506
1472,Hyundai,QM4405
1473,Peugeot,CJ4693
1474,Ford,HH7811
1475,Nissan,ZZ9376
1476,Audi,ZZ7482
1477,Nissan,BD3620
1478,Opel,RZ8798
1479,Nissan,ZB5651
1480,BMW,QB9903
1481,Toyota,PV1992
1482,BMW,DE3845
1483,Nissan,TP5288
1484,Nissan,QV2999
1485,Lada,QE4233
1486,Nissan,KT6158
1487,Honda,TG5450
1488,Toyota,WE3566
1489,Audi,GC6435
1490,Audi,ZU7054
1491,Lada,TJ2056
1492,Ford,OP3470
1493,Audi,UD6347
1494,Opel,OW1009
1495,Lada,AT4187
1496,Opel,OH1484
1497,Toyota,NX1636
1498,Lada,XC4569
1499,Peugeot,RZ9054
1500,Hyundai,GK6301
1501,Nissan,JY5964
1502,Peugeot,ZR3410
1503,Hyundai,XT2191
1504,Honda,PZ8666
1505,Audi,SB7806
1506,Toyota,QT8855
1507,Renault,YV1677
1508,Opel,HL1488
1509,Toyota,TX6888
1510,Peugeot,DW3840
1511,Peugeot,RS9988
1512,Hyundai,KI9016
1513,Toyota,KX9218
1514,Nissan,MT7982
1515,Nissan,BE1173
1516,Toyota,CK8531
1517,Peugeot,TK6027
1518,Audi,OI5340
1519,Renault,VV4347
1520,Audi,VV4696
1521,Ford,WF1534
1522,Renault,OU7940
1523,BMW,UU5243
1524,Opel,RG7666
1525,Audi,XZ1899
1526,Honda,LP6082
1527,Opel,ZH1516
1528,Audi,UU2606
1529,BMW,IY3732
1530,Hyundai,WQ1700
1531,Toyota,FT1836
1532,Toyota,MG3704
1533,Audi,AE7484
1534,Peugeot,MH7885
1535,Hyundai,YS6873
1536,Hyundai,HX3167
1537,Ford,PL4797
1538,Lada,XE4170
1539,Nissan,RD2500
1540,Toyota,YU7209
1541,Audi,OF5036
1542,Toyota,US6765
1543,Peugeot,KT6932
1544,Honda,YV4181
1545,Hyundai,ZA4565
1546,BMW,PF6326
1547,Toyota,QJ5223
1548,Honda,PT2150
1549,Lada,WV3125
1550,Nissan,EB6491
1551,Hyundai,AB3233
1552,Peugeot,AQ6771
1553,Lada,PA2704
1554,Peugeot,WN9755
1555,Nissan,PQ9571
1556,BMW,GT7964
1557,Honda,TW4658
1558,Hyundai,MA5642
1559,Nissan,WI6407
1560,Nissan,IE1754
1561,Lada,SH2079
1562,Lada,TV5794
1563,Hyundai,JL8238
1564,Honda,KL3907
1565,Hyundai,VO9857
1566,Opel,UN9698
1567,Lada,MQ5439
1568,Opel,SA7037
1569,Audi,MT3818
1570,Lada,UD8176
1571,Audi,GE9262
1572,Audi,ZM6966
1573,Lada,WV5788
1574,Renault,MJ6961
1575,Lada,WD6445
1576,Nissan,LS5870
1577,Peugeot,FQ5506
1578,BMW,IT9893
1579,Lada,LI2518
1580,BMW,LW9012
1581,Honda,JQ9406
1582,Honda,BD3180
1583,Opel,JC1783
1584,Lada,OB5640
1585,Renault,BV6193
1586,Ford,GM6012
1587,Lada,EI8111
1588,Peugeot,GV8842
1589,Peugeot,TC4201
1590,Honda,BQ7801
1591,Opel,EI6635
1592,Peugeot,MS8961
1593,Nissan,JB7473
1594,Peugeot,ZO1246
1595,Nissan,RB2984
1596,Toyota,JH4778
1597,Hyundai,KU5730
1598,Nissan,BM6157
1599,Peugeot,EV2141
1600,Renault,EQ8995
1601,Peugeot,XW1719
1602,Honda,BX5150
1603,Hyundai,HR6519
1604,Audi,FW3040
1605,Audi,KR1257
1606,Renault,FD6743
1607,Toyota,WG9703
1608,Ford,BX9052
1609,Hyundai,UH6780
1610,BMW,IB9048
1611,BMW,BK8108
1612,Hyundai,BO8095
1613,Peugeot,LT8659
1614,Lada,JZ8497
1615,Honda,HD4092
1616,Renault,MR5588
1617,Peugeot,RC9820
1618,Lada,LE7987
1619,Opel,YX7922
1620,BMW,NQ7557
1621,Hyundai,BG9094
1622,Toyota,LW7768
1623,Toyota,KY2229
1624,BMW,ZW6272
1625,Hyundai,WP9277
1626,Ford,YM5752
1627,Ford,LJ8776
1628,Opel,VM7549
1629,Nissan,FG4734
1630,Lada,EX9085
1631,BMW,OS9743
1632,Audi,AP9237
1633,Hyundai,AI8480
1634,Opel,DC8419
1635,Hyundai,EC5149
1636,Lada,RE7330
1637,Renault,VE7699
1638,Toyota,OM4834
1639,Hyundai,IU1961
1640,Honda,DO2979
1641,Honda,QI7973
1642,BMW,YI7721
1643,Peugeot,RL7698
1644,Renault,LE4006
1645,Renault,NS1595
1646,Toyota,JX5354
1647,Lada,AC2393
1648,Opel,HX7137
1649,Audi,PP3213
1650,BMW,OB4510
1651,Ford,NO8143
1652,BMW,HL1487
1653,Nissan,HS7557
1654,Opel,LD5895
1655,Peugeot,BP9804
1656,Hyundai,RD5777
1657,Hyundai,LU7725
1658,Lada,KS1687
1659,Renault,KR3446
1660,Toyota,ON1238
1661,Toyota,SQ6587
1662,Audi,PV4279
1663,Toyota,SX9423
1664,Ford,WI2663
1665,Lada,HE5193
1666,BMW,SW6978
1667,Nissan,FV4991
1668,Ford,XP6502
1669,Opel,XI4748
1670,Nissan,WA6766
1671,Audi,KM1924
1672,Toyota,SF5393
1673,BMW,EX7574
1674,Ford,TB8001
1675,Ford,UZ7619
1676,Nissan,FG1078
1677,Ford,XM7308
1678,Lada,YM6404
1679,Ford,QH5595
1680,Nissan,OJ4918
1681,Peugeot,LJ9232
1682,Nissan,SU2426
1683,Audi,QA6650
1684,BMW,PD3307
1685,Renault,ZH5506
1686,Renault,ST7129
1687,Peugeot,GE1524
1688,Ford,LA2806
1689,Opel,GQ9704
1690,Toyota,ZW9077
1691,Peugeot,QV8375
1692,Opel,HJ4690
1693,Peugeot,XJ6347
1694,Audi,UN9441
1695,Renault,XK7752
1696,Audi,DS3850
1697,BMW,CL3652
1698,Peugeot,FX9806
1699,Hyundai,UD7018
1700,Honda,IW4628
1701,Hyundai,BL1916
1702,Peugeot,EE7852
1703,Renault,MH1093
1704,Lada,HQ4135
1705,Renault,HN9320
1706,Audi,PK6175
1707,BMW,VI5857
1708,Toyota,FV2902
1709,Honda,PM6435
1710,Opel,AU2420
1711,Toyota,WC5661
1712,Toyota,HB5853
1713,BMW,YX4336
1714,Honda,QA3531
1715,Lada,PK3241
1716,Audi,SM6420
1717,Ford,LD6381
1718,Opel,JA6431
1719,BMW,GB4167
1720,Opel,JM7515
1721,BMW,GD3179
1722,Hyundai,PM1867
1723,Toyota,NE2690
1724,Audi,DQ3802
1725,Renault,FE9380
1726,Peugeot,ZD5305
1727,Renault,HE6925
1728,Opel,XS8510
1729,Opel,XJ8523
1730,Ford,HJ6614
1731,Hyundai,WO1438
1732,Toyota,XV5479
1733,BMW,KB5701
1734,Audi,IC9778
1735,Opel,KK6256
1736,Honda,DR6714
1737,Audi,SC6805
1738,BMW,CN6962
1739,Opel,KB4194
1740,Renault,PL9972
1741,Toyota,SV1105
1742,Nissan,TD6080
1743,Opel,XE4388
1744,Lada,SH9624
1745,Opel,OP8432
1746,Peugeot,II2732
1747,BMW,FJ1980
1748,Toyota,JA5301
1749,Toyota,QR1710
1750,Opel,IL6322
1751,Ford,JW2974
1752,Hyundai,WM6016
1753,Toyota,ZP5064
1754,Hyundai,AF7813
1755,Audi,KE4829
1756,Peugeot,YZ8248
1757,Ford,ID2264
1758,Honda,CO1733
1759,Honda,UZ3018
1760,Ford,RA9974
1761,Nissan,TQ7139
1762,Lada,GI4920
1763,Opel,KD3449
1764,Audi,JJ9376
1765,Toyota,MV1811
1766,Ford,LE4731
1767,Ford,CH3265
1768,Peugeot,ES5516
1769,Ford,XR8272
1770,Ford,FC8865
1771,Peugeot,JU3998
1772,Honda,SA5545
1773,Peugeot,IC1565
1774,Ford,GL8596
1775,Peugeot,QT5788
1776,Nissan,ME2092
1777,Audi,OY6361
1778,Renault,PP1812
1779,Audi,AC2496
1780,Peugeot,PC2632
1781,Hyundai,EN4125
1782,BMW,NN2948
1783,Honda,HO5121
1784,Opel,FM8170
1785,Peugeot,LD5884
1786,BMW,VK3198
1787,Hyundai,PW8184
1788,Opel,FQ7012
1789,Peugeot,SA9599
1790,Toyota,WE3480
1791,Peugeot,VM8227
1792,Audi,UE1868
1793,Renault,RB6815
1794,Renault,EY8927
1795,Renault,DG3568
1796,Hyundai,KJ8583
1797,Ford,GP5402
1798,Honda,TB4116
1799,Toyota,IP7921
1800,Ford,QT1780
1801,Nissan,XA5851
1802,Nissan,CT7028
1803,Renault,EC7614
1804,Nissan,HU4574
1805,BMW,CB7270
1806,Ford,DU5095
1807,Hyundai,JP1312
1808,Toyota,AE4441
1809,Hyundai,HH1709
1810,Audi,OP3294
1811,Audi,ET8131
1812,Peugeot,CZ7577
1813,Ford,RM1966
1814,Nissan,FI4860
1815,Audi,WG2397
1816,Toyota,AU3875
1817,Peugeot,GF1621
1818,Toyota,JJ9749
1819,Opel,ND1401
1820,Nissan,KG2552
1821,Toyota,AZ4139
1822,BMW,KE2411
1823,Honda,CD2004
1824,Audi,UM7126
1825,Lada,GO3923
1826,Audi,BK1490
1827,Audi,OC3142
1828,Hyundai,NH7343
1829,Opel,TQ1362
1830,Opel,RE1664
1831,Ford,YC2509
1832,Lada,WS4319
1833,Peugeot,AQ4972
1834,Nissan,AE9063
1835,Toyota,JR2406
1836,Renault,SP3687
1837,Renault,XA4604
1838,Audi,DA3490
1839,Hyundai,DC3379
1840,Toyota,EZ1803
1841,Opel,YI7785
1842,Peugeot,BK2393
1843,BMW,DC1560
1844,Renault,AL7038
1845,Audi,QA8944
1846,Toyota,NF3116
1847,Opel,DN7191
1848,Audi,QM6262
1849,BMW,DQ1633
1850,Opel,YR9413
1851,Hyundai,SE5475
1852,Nissan,QJ2548
1853,Ford,MK6841
1854,Peugeot,TL8313
1855,Toyota,ER2282
1856,Peugeot,IT7343
1857,Opel,MU7437
1858,Ford,UK9655
1859,Nissan,OW3895
1860,Nissan,SB5386
1861,Toyota,DQ6314
1862,BMW,KC1827
1863,Audi,YN2990
1864,Opel,UV4956
1865,Renault,YJ7731
1866,Renault,AQ7660
1867,Audi,XN7247
1868,Ford,TM7549
1869,Honda,RT6200
1870,Nissan,KC1209
1871,Honda,UD2254
1872,Peugeot,YW5163
1873,Nissan,LE9330
1874,Lada,SK5253
1875,Honda,JT3855
1876,Ford,LA7985
1877,Nissan,HP7629
1878,Ford,TM2531
1879,Audi,VQ9025
1880,Toyota,AB7204
1881,Renault,XX8557
1882,Hyundai,OG2917
1883,Hyundai,PV8775
1884,Peugeot,DI4674
1885,Audi,PJ6877
1886,Lada,SV2186
1887,Renault,NQ5203
1888,Lada,SX1807
1889,Honda,FS4409
1890,Ford,AQ3017
1891,Hyundai,ZV2383
1892,Audi,YL4253
1893,Nissan,OR4192
1894,Lada,CQ8421
1895,Audi,UP9273
1896,Nissan,KI5013
1897,Toyota,ZB3926
1898,Hyundai,CI8000
1899,Toyota,YT7373
1900,Toyota,PR2817
1901,BMW,OW4537
1902,Ford,YY9787
1903,Nissan,RK4462
1904,Peugeot,PW9572
1905,Audi,QK6746
1906,Lada,UT9644
1907,Audi,GK7917
1908,Opel,EX3761
1909,Opel,ZH1536
1910,Audi,PW4533
1911,Peugeot,HD7608
1912,Hyundai,MF3902
1913,BMW,FZ8544
1914,Lada,KH9974
1915,BMW,RZ6233
1916,Honda,TB6367
1917,Audi,OS2293
1918,Ford,HP3439
1919,Nissan,IY1621
1920,Audi,HS5215
1921,Audi,OW5622
1922,Opel,QM4409
1923,Lada,CJ2997
1924,Ford,PF9173
1925,Lada,MD9206
1926,Toyota,FQ2274
1927,Audi,RW6215
1928,Honda,RI5146
1929,Ford,BW3614
1930,Honda,LT1747
1931,Audi,WW3441
1932,Opel,QR7835
1933,Lada,IP4586
1934,Nissan,KZ1680
1935,Hyundai,XD6646
1936,Toyota,YW6111
1937,Hyundai,ZE4741
1938,Ford,XL7988
1939,Nissan,KL6174
1940,Audi,SF6649
1941,Peugeot,IH6608
1942,BMW,IA1917
1943,Renault,MT8919
1944,Peugeot,JY8338
1945,Nissan,YY4726
1946,BMW,IO5432
1947,Opel,EJ1586
1948,Honda,JR7945
1949,BMW,NB2038
1950,BMW,YS6487
1951,Lada,VZ2282
1952,Nissan,EZ5380
1953,Peugeot,BK2831
1954,Nissan,MP8523
1955,Lada,GT6672
1956,Peugeot,XK7216
1957,Lada,IC4790
1958,Hyundai,XR3003
1959,Audi,PY2134
1960,Ford,DI3836
1961,Lada,AD9014
1962,Nissan,UD1767
1963,Peugeot,XP5153
1964,Renault,TG7032
1965,Peugeot,UE9147
1966,BMW,DB1201
1967,Opel,ZT9314
1968,Nissan,LC3475
1969,Peugeot,OE5942
1970,Toyota,DP4392
1971,Lada,DQ7740
1972,Audi,ET7367
1973,Nissan,QF1582
1974,Toyota,FH7501
1975,Toyota,LC2232
1976,Honda,EN7606
1977,Opel,VJ3968
1978,Ford,VL3204
1979,Peugeot,RT1175
1980,Nissan,FY5733
1981,Lada,LW7871
1982,Toyota,OU7668
1983,Ford,DZ8579
1984,Toyota,ZY6253
1985,Toyota,RZ8487
1986,Toyota,DW4696
1987,Nissan,CQ3173
1988,BMW,EJ2334
1989,Lada,YI7528
1990,Renault,EO7903
1991,Nissan,OM4833
1992,Nissan,KQ3746
1993,BMW,BX8945
1994,Audi,QO7629
1995,Audi,FP6307
1996,Honda,VR8931
1997,Peugeot,NO3577
1998,Peugeot,SS5711
1999,BMW,SX8052
2000,Peugeot,DU5026
2001,Peugeot,HO7856
2002,Toyota,JD1146
2003,Opel,BC6790
2004,Audi,KL2158
2005,Renault,JJ4376
2006,Peugeot,PK6232
2007,Audi,IJ7680
2008,Toyota,RQ6343
2009,BMW,BK3415
2010,Ford,QX9801
2011,Audi,TF2258
2012,Honda,QA5858
2013,Opel,NG5397
2014,Opel,QL7828
2015,BMW,QZ3403
2016,Honda,DA8565
2017,Audi,IB9097
2018,Renault,VS5972
2019,Hyundai,KX4648
2020,Lada,OO3020
2021,Nissan,DT5151
2022,Toyota,TG4564
2023,Opel,PE8067
2024,Renault,KG7422
2025,Audi,SF1923
2026,Renault,FM8309
2027,Honda,RE9967
2028,Peugeot,TM9074
2029,Lada,JF4779
2030,Lada,SL1483
2031,Hyundai,WP6855
2032,Honda,BO8473
2033,Nissan,LQ2880
2034,BMW,EC4616
2035,Lada,IP1224
2036,Lada,GC5647
2037,Lada,ZH7610
2038,Peugeot,LV1416
2039,Ford,SI7873
2040,Audi,SA6655
2041,BMW,AI1889
2042,Audi,OU7601
2043,Honda,OB3589
2044,Ford,PF6228
2045,Opel,PP6582
2046,Hyundai,UX1450
2047,Toyota,LC1848
2048,Toyota,UN2152
2049,Hyundai,GE7590
2050,Hyundai,ZT2937
2051,BMW,XU7995
2052,Honda,RE1300
2053,BMW,BE9126
2054,Hyundai,SK5346
2055,Hyundai,AC7977
2056,Honda,DD7402
2057,Honda,LF7525
2058,Ford,OE5728
2059,Nissan,FT1636
2060,Audi,KF9233
2061,Ford,QA8824
2062,Opel,AE3795
2063,Toyota,PH7208
2064,Opel,SN7425
2065,Honda,GZ4233
2066,Honda,BK7373
2067,Nissan,PN3287
2068,Nissan,KZ2324
2069,BMW,VG2848
2070,Peugeot,RV4758
2071,Audi,GF7303
2072,Nissan,HD7815
2073,Peugeot,KF1053
2074,Opel,AD1430
2075,Renault,UZ5135
2076,Renault,LA3426
2077,Ford,LM9118
2078,BMW,LE3568
2079,Hyundai,CL2317
2080,Honda,FE6262
2081,Opel,JT4838
2082,Renault,RG5824
2083,Renault,WQ4574
2084,Renault,AX5455
2085,Toyota,PW4310
2086,Hyundai,DW8113
2087,Hyundai,LS8212
2088,Nissan,ER7372
2089,Peugeot,RE4225
2090,Lada,JU8938
2091,Renault,LD5354
2092,Audi,BS1998
2093,Audi,SV7125
2094,Opel,GU3682
2095,Opel,RT2352
2096,Peugeot,MS1493
2097,Peugeot,HC4090
2098,Opel,HJ8036
2099,Audi,AT7064
2100,Peugeot,LI4688
2101,Ford,RC9913
2102,Audi,BJ7110
2103,Renault,ZJ2446
2104,Lada,WW7741
2105,Audi,PB7249
2106,BMW,TV6693
2107,Nissan,SS9836
2108,Renault,WH7426
2109,Renault,XN5184
2110,Lada,EC2153
2111,Opel,YL9596
2112,Audi,LS9876
2113,Audi,RV4136
2114,BMW,HJ7475
2115,Hyundai,TE8189
2116,Honda,YD1950
2117,Opel,PC6176
2118,Audi,RB3515
2119,Renault,RQ9299
2120,Audi,SV3149
2121,Opel,SK8798
2122,Audi,BV9370
2123,Hyundai,WU5961
2124,Ford,HT5905
2125,Nissan,KM1908
2126,Peugeot,BU2140
2127,Audi,IY9007
2128,Ford,IX7262
2129,Hyundai,WS8530
2130,BMW,KW5124
2131,Peugeot,BO6814
2132,Audi,PK6970
2133,Nissan,SI9887
2134,BMW,DA8351
2135,Audi,KQ1808
2136,Nissan,FU3231
2137,Audi,XF6244
2138,Lada,PC6220
2139,Ford,EM1867
2140,Ford,WT8108
2141,BMW,OM2384
2142,Peugeot,EZ1425
2143,Ford,HT5094
2144,Renault,SD6529
2145,Peugeot,NT9972
2146,Honda,EE8463
2147,Toyota,YW1591
2148,BMW,PZ1223
2149,Audi,GW4382
2150,BMW,NQ4911
2151,Renault,TP5451
2152,Hyundai,NP4182
2153,BMW,FQ9581
2154,Peugeot,ML2335
2155,Toyota,NO1272
2156,Audi,JL5104
2157,Toyota,VV1461
2158,Lada,GT4890
2159,Peugeot,OB8112
2160,Toyota,OJ9634
2161,Toyota,NM2561
2162,Nissan,BG3947
2163,Nissan,PC6811
2164,Ford,TH8199
2165,Hyundai,KB7798
2166,Hyundai,CE5043
2167,Ford,YK4975
2168,BMW,AH5600
2169,Ford,HE7691
2170,Lada,ZK7322
2171,Lada,FN3959
2172,Opel,FI9518
2173,Audi,MB7559
2174,BMW,CR3698
2175,Peugeot,PN3781
2176,Ford,KE8203
2177,Toyota,SR5560
2178,Renault,ED4231
2179,Audi,JI5553
2180,Renault,LJ1593
2181,BMW,WH4958
2182,Peugeot,OX8929
2183,Audi,FO6867
2184,Lada,CE1793
2185,Peugeot,PX4777
2186,Renault,LF8472
2187,Renault,GH8986
2188,Nissan,IQ9403
2189,BMW,MI8461
2190,Ford,UR1343
2191,Opel,YS9757
2192,Opel,PH6350
2193,Nissan,MB2025
2194,Renault,UO7307
2195,Hyundai,UK3364
2196,Hyundai,JX6362
2197,BMW,HJ3010
2198,Audi,ER1251
2199,Ford,KN9905
2200,Peugeot,NL2609
2201,Renault,IJ5078
2202,Peugeot,QJ1062
2203,Renault,PG5045
2204,Peugeot,LA7161
2205,Honda,ES9288
2206,Hyundai,BQ4862
2207,Peugeot,KJ3904
2208,Hyundai,OL8951
2209,Renault,AO8803
2210,Opel,RV2421
2211,Opel,VF5869
2212,Audi,TQ8847
2213,Opel,VS5678
2214,Honda,UI7616
2215,Honda,VF9961
2216,Lada,WL4281
2217,Nissan,VX6644
2218,Lada,JE2795
2219,Peugeot,PJ8193
2220,Opel,WY9440
2221,Opel,FX6495
2222,Toyota,DC4644
2223,Lada,JR6576
2224,Honda,IN9152
2225,Renault,YE3027
2226,Nissan,KX5741
2227,BMW,NH7713
2228,Lada,EK1824
2229,Honda,WG3220
2230,Hyundai,XK9675
2231,Audi,CY4281
2232,Ford,ME5267
2233,Honda,XS5380
2234,Hyundai,DQ2651
2235,Audi,BX3915
2236,Renault,EI8801
2237,Renault,KL4918
2238,Ford,JD2688
2239,Hyundai,XH8764
2240,BMW,DD8128
2241,Toyota,ZY1951
2242,Opel,ED3586
2243,Opel,MT8845
2244,Audi,XL4027
2245,Honda,HU5289
2246,Renault,JD1774
2247,Hyundai,LP8367
2248,Lada,CR1608
2249,Opel,MQ5479
2250,Renault,DC4189
2251,BMW,DX2950
2252,Lada,YQ1444
2253,Lada,CG3467
2254,Ford,NB3887
2255,Opel,NL1641
2256,Ford,YH6401
2257,Toyota,LH8523
2258,Audi,US8337
2259,Audi,WB7747
2260,Opel,HW1698
2261,Honda,KX8844
2262,Peugeot,KX6540
2263,Peugeot,ZI7250
2264,Toyota,HP7533
2265,BMW,LM2487
2266,BMW,GZ7498
2267,Honda,QF5608
2268,Lada,HP3217
2269,Nissan,YY7681
2270,Honda,KZ2912
2271,Honda,SE1420
2272,Nissan,IC9736
2273,Opel,GZ8981
2274,Peugeot,MP6569
2275,Renault,NV4566
2276,Opel,HV5205
2277,Renault,UK9841
2278,Toyota,GX3341
2279,Honda,OD1537
2280,Hyundai,ZJ2613
2281,Hyundai,RI5047
2282,Honda,EJ5163
2283,Peugeot,UW9304
2284,Toyota,ME3497
2285,Toyota,RY5923
2286,BMW,ZG3392
2287,Opel,YQ9714
2288,Lada,JW1007
2289,Nissan,JO8689
2290,Hyundai,PO1501
2291,BMW,WP5341
2292,Lada,TV4258
2293,Toyota,FC4071
2294,Renault,MI1523
2295,Hyundai,WL8001
2296,Toyota,TP5616
2297,Opel,SW8929
2298,BMW,OG8687
2299,Toyota,BI8911
2300,BMW,QY2736
2301,Audi,IM1842
2302,BMW,DA8640
2303,Nissan,PS8714
2304,Renault,KD4886
2305,Honda,DB4202
2306,Honda,PH2294
2307,Audi,MR5807
2308,Lada,ZK3427
2309,Toyota,AD8517
2310,BMW,XG7671
2311,BMW,OM7262
2312,Hyundai,NR9489
2313,BMW,WR7903
2314,Hyundai,QL1223
2315,Toyota,EG8450
2316,Peugeot,UO3785
2317,BMW,CU8326
2318,Hyundai,ZE7514
2319,Renault,KE9257
2320,BMW,ET2795
2321,Lada,JR2108
2322,Honda,MX9634
2323,Honda,FS8472
2324,Renault,RX2086
2325,Audi,UA3372
2326,Renault,KF1867
2327,Peugeot,MN8056
2328,Peugeot,KF2566
2329,Lada,IU1395
2330,Ford,QL3332
2331,Renault,VN7082
2332,Peugeot,TE7902
2333,Honda,VQ1713
2334,Ford,CC3023
2335,Audi,KP7403
2336,Nissan,IE2675
2337,BMW,AP4875
2338,Nissan,SB6182
2339,Renault,AS9371
2340,Hyundai,WF7943
2341,Ford,MZ2896
2342,Ford,AW2700
2343,Toyota,SJ9270
2344,Peugeot,RM3041
2345,BMW,YZ6982
2346,Lada,LT7452
2347,Lada,ST2234
2348,Hyundai,EJ3113
2349,Audi,ZI6614
2350,Peugeot,QU8191
2351,Hyundai,FA1215
2352,Nissan,ZY5081
2353,Hyundai,CA4896
2354,Honda,QH9124
2355,Ford,DP3772
2356,BMW,YH3408
2357,Opel,WZ6006
2358,Hyundai,LK7586
2359,Toyota,XW3769
2360,Honda,EY7077
2361,Nissan,BY5128
2362,Ford,GR7206
2363,Nissan,ZY2117
2364,Peugeot,DW1142
2365,Lada,SC7333
2366,Opel,KL3087
2367,Renault,EM7326
2368,Peugeot,YR8958
2369,Peugeot,TP6465
2370,Toyota,BH4293
2371,Nissan,QF7210
2372,Hyundai,NC9337
2373,Lada,AK9942
2374,Peugeot,LN8955
2375,BMW,FH6806
2376,Audi,RI3488
2377,Audi,OJ8046
2378,Renault,FX1947
2379,Peugeot,OE5737
2380,Hyundai,GU3928
2381,Audi,FM7395
2382,Nissan,HE5952
2383,Audi,SS1475
2384,Audi,TL2800
2385,Lada,VC2923
2386,Opel,XC6222
2387,Lada,OZ1407
2388,Lada,VQ5515
2389,Honda,VP5365
2390,Hyundai,FT8489
2391,Audi,KQ4125
2392,Renault,WK9233
2393,Toyota,DI8067
2394,Toyota,SU7751
2395,Nissan,JQ8046
2396,Peugeot,LR6249
2397,Peugeot,UI1017
2398,Renault,OG3860
2399,Opel,AF9765
2400,Opel,DJ6161
2401,Peugeot,IQ6282
2402,Lada,AC6370
2403,Lada,TG1367
2404,Peugeot,GR2163
2405,Opel,KY6452
2406,Lada,QZ2744
2407,Nissan,XZ7131
2408,Toyota,RU8449
2409,Toyota,AU2544
2410,Renault,AQ3068
2411,Hyundai,TY5871
2412,BMW,QK7472
2413,Opel,EI9146
2414,Hyundai,VU3033
2415,Renault,OT1249
2416,Opel,VK2490
2417,Peugeot,KV1982
2418,Opel,ZU5485
2419,BMW,NP4989
2420,Toyota,ZQ8994
2421,Lada,YH7525
2422,Toyota,JX1658
2423,Honda,KG8338
2424,Hyundai,SE3875
2425,BMW,KH6700
2426,Audi,BQ4058
2427,Lada,VR9343
2428,BMW,EG6540
2429,BMW,PL1342
2430,Lada,TQ4613
2431,Renault,VD7629
2432,Opel,RC5133
2433,Audi,TT5336
2434,BMW,TB9762
2435,BMW,JN4236
2436,Lada,IR6911
2437,Audi,FQ6924
2438,Nissan,QT7084
2439,Renault,FI7631
2440,Lada,YM5499
2441,Renault,FW3241
2442,BMW,UJ3821
2443,Peugeot,FT9296
2444,Hyundai,XL5146
2445,Toyota,JS3415
2446,Peugeot,SA5699
2447,Opel,YQ1739
2448,Toyota,GI9649
2449,Honda,GP4269
2450,Audi,FS4116
2451,Audi,MU5307
2452,Hyundai,LE1436
2453,Lada,RX6946
2454,Opel,RL7401
2455,Renault,XP8350
2456,Nissan,WM3403
2457,Renault,MZ1568
2458,Honda,YA8375
2459,Opel,QD2808
2460,Ford,NU3706
2461,Honda,OM5477
2462,Opel,XW7214
2463,Renault,QY6429
2464,Opel,BO9277
2465,Renault,AS7459
2466,Toyota,DY9672
2467,Hyundai,SW3148
2468,Nissan,BB5325
2469,Renault,GO6414
2470,Nissan,VQ2538
2471,Nissan,KY6128
2472,Hyundai,WA6407
2473,Ford,EQ9931
2474,Opel,BG2548
2475,Hyundai,YJ1273
2476,BMW,SX3526
2477,Lada,WU9974
2478,Nissan,FP8486
2479,Nissan,EZ2120
2480,BMW,TO1626
2481,Hyundai,IR2476
2482,Hyundai,PQ1819
2483,Audi,LR9894
2484,Opel,QX6559
2485,BMW,CQ2025
2486,Peugeot,MF2420
2487,Peugeot,LT8181
2488,Hyundai,QV5660
2489,BMW,MR3644
2490,BMW,CR5136
2491,Hyundai,ZZ6982
2492,BMW,EY5681
2493,Toyota,QK5673
2494,Hyundai,PG9544
2495,Toyota,NZ5452
2496,Lada,YF5794
2497,Hyundai,BT3119
2498,BMW,OP6705
2499,Hyundai,RP2461
2500,Renault,XD9708
2501,Renault,AR7267
2502,Hyundai,XW8078
2503,Peugeot,XD1475
2504,Nissan,NJ4534
2505,Renault,WI6454
2506,Lada,IR7897
2507,Audi,FU5610
2508,Lada,UK8850
2509,Toyota,DO1875
2510,BMW,SE6997
2511,Nissan,WM1515
2512,Honda,XJ6217
2513,Ford,XI4491
2514,Lada,RS7630
2515,Lada,TO8338
2516,Renault,RC6841
2517,Opel,DA9846
2518,Ford,XR1706
2519,Peugeot,QO7573
2520,Hyundai,UL1236
2521,Peugeot,KL7314
2522,Opel,KI8977
2523,Renault,MM3882
2524,Nissan,CS4974
2525,Honda,WE8532
2526,Ford,IA2809
2527,Opel,XZ1904
2528,Peugeot,UV1455
2529,Renault,ZI8163
2530,BMW,KK4629
2531,Nissan,XP1746
2532,Ford,KG8533
2533,Lada,RY8721
2534,Audi,IH7707
2535,Toyota,SA3647
2536,Renault,XP5472
2537,Honda,VP3740
2538,Ford,EQ9837
2539,Opel,TV2570
2540,Hyundai,VF9858
2541,Toyota,ZU2163
2542,Opel,DZ9412
2543,BMW,ZB5280
2544,Nissan,KM1611
2545,Honda,SR2971
2546,Audi,TI6942
2547,Lada,DC1573
2548,Opel,QW8532
2549,Renault,GS4093
2550,Ford,VL3297
2551,Audi,LH5879
2552,Peugeot,YY1295
2553,Ford,ML8868
2554,Toyota,XH7225
2555,Audi,MT9550
2556,Nissan,YG1572
2557,Audi,NP7217
2558,Honda,AH8784
2559,Honda,QQ9572
2560,BMW,UU4401
2561,Opel,GO8649
2562,Honda,OF7301
2563,Renault,AB8693
2564,Hyundai,EX1126
2565,Ford,OA1746
2566,Nissan,TG5728
2567,Nissan,CO7355
2568,Lada,BS2223
2569,Opel,RV1798
2570,Audi,SE4788
2571,Ford,HB4580
2572,Peugeot,CQ2553
2573,Audi,WQ6672
2574,Opel,UH1288
2575,Audi,CV6390
2576,Honda,MO8567
2577,Ford,TZ9583
2578,Lada,XH1252
2579,Hyundai,VJ6124
2580,Hyundai,XU3715
2581,Lada,SZ1917
2582,Renault,FV6994
2583,Opel,LC4038
2584,Toyota,CG8462
2585,Lada,CZ9622
2586,Audi,HD3010
2587,Renault,LH2877
2588,BMW,OD1896
2589,Ford,TX6735
2590,Ford,MN9902
2591,Lada,ZP6575
2592,Peugeot,EF8081
2593,Lada,OC2683
2594,Peugeot,WX8343
2595,Honda,XZ7112
2596,BMW,YM6798
2597,Opel,VK1907
2598,Lada,FM5247
2599,Opel,GN9787
2600,Ford,VS8137
2601,Peugeot,EG6239
2602,Toyota,LC9416
2603,Renault,MU5033
2604,Renault,SH3287
2605,Honda,BV4552
2606,BMW,GN9217
2607,BMW,FD6684
2608,Renault,RV7796
2609,Peugeot,IC5942
2610,Ford,HN9782
2611,Nissan,GP7179
2612,Opel,XY1115
2613,Lada,UL9899
2614,Renault,TU8654
2615,Nissan,NJ1538
2616,Peugeot,RO4350
2617,Peugeot,QR3934
2618,BMW,MD8396
2619,Audi,SS5719
2620,Nissan,RH7593
2621,Renault,HZ9814
2622,Opel,TP4559
2623,Nissan,IV2905
2624,Opel,JZ3321
2625,Lada,JC3832
2626,Honda,OQ2261
2627,Ford,UJ8560
2628,Lada,LW8158
2629,Honda,FN4215
2630,Renault,NG6818
2631,Nissan,IO7277
2632,Audi,LY2127
2633,Toyota,SG5465
2634,Opel,NH9440
2635,Nissan,PB5109
2636,Audi,SZ5483
2637,Hyundai,XW4373
2638,Hyundai,QZ6707
2639,Hyundai,WQ1758
2640,Peugeot,BE1529
2641,Honda,HH4031
2642,BMW,XO9102
2643,Opel,TM1442
2644,Nissan,HE9942
2645,BMW,OQ5261
2646,BMW,OC4316
2647,Peugeot,GS3952
2648,Audi,RO3131
2649,Toyota,VL4891
2650,Nissan,ML6340
2651,Peugeot,QL1944
2652,Peugeot,XE2753
2653,Hyundai,TK8708
2654,BMW,PY5658
2655,Audi,RR6553
2656,Toyota,YV5935
2657,Lada,RM2740
2658,Audi,JB8320
2659,Audi,OS5287
2660,Renault,SM3873
2661,Opel,AS8338
2662,Peugeot,CB4186
2663,Hyundai,MY1860
2664,Renault,PS4279
2665,Hyundai,ZD8146
2666,Toyota,CN2685
2667,Opel,QN1426
2668,BMW,GH8512
2669,Opel,TA8814
2670,Hyundai,BH6802
2671,Renault,AQ4130
2672,Audi,GJ5654
2673,BMW,TQ2321
2674,Audi,WU1557
2675,Renault,GY5174
2676,Nissan,JD2973
2677,Opel,ZG2081
2678,Lada,IQ1334
2679,Hyundai,TQ7918
2680,Opel,DQ1195
2681,Renault,HW6900
2682,Renault,GZ3318
2683,Audi,EC8723
2684,Toyota,GA4898
2685,Lada,BS5656
2686,Opel,OA9159
2687,Audi,NV1028
2688,Audi,WL4215
2689,Honda,FT8876
2690,Honda,ZB4982
2691,Hyundai,JH8622
2692,Honda,JM1578
2693,Audi,JL3682
2694,Ford,OO3142
2695,Nissan,AV3228
2696,Hyundai,ZI6152
2697,Audi,HD9792
2698,Peugeot,JP5150
2699,Honda,QF4536
2700,Audi,PR5378
2701,Renault,VB8457
2702,Ford,UE3510
2703,Honda,JL8670
2704,Hyundai,EU1866
2705,Peugeot,MG3653
2706,Opel,MH5909
2707,Toyota,LV8403
2708,Audi,YZ7320
2709,Renault,II6457
2710,Nissan,KZ6832
2711,Opel,SA5977
2712,Nissan,YG2881
2713,Nissan,PZ4233
2714,Lada,WR4117
2715,Toyota,TX4976
2716,Lada,VG7203
2717,BMW,IC8926
2718,Audi,GH8486
2719,Honda,KV8254
2720,Toyota,GP9063
2721,Peugeot,RR9886
2722,Audi,PI8365
2723,Audi,DR3577
2724,Hyundai,BJ5119
2725,Opel,XY4404
2726,Lada,ST5533
2727,Toyota,UA2630
2728,Nissan,MW9582
2729,Peugeot,FG5242
2730,Opel,PN6740
2731,Hyundai,VG9474
2732,Ford,ZT3205
2733,Audi,TV1530
2734,Peugeot,UN5633
2735,Renault,OP2171
2736,Nissan,HD8219
2737,Audi,TK5562
2738,Opel,PB1590
2739,Ford,LY4166
2740,Peugeot,ZD2289
2741,Peugeot,UC9962
2742,Renault,SD5312
2743,Opel,TP5377
2744,Toyota,TU7362
2745,BMW,NP7670
2746,Peugeot,OX4022
2747,Honda,QC3749
2748,Toyota,IK5833
2749,BMW,VY3851
2750,Opel,DA6457
2751,Lada,VY8668
2752,Opel,YW8153
2753,Nissan,YX4225
2754,Hyundai,LL6454
2755,Renault,AC2055
2756,Toyota,OJ6737
2757,Toyota,BC1287
2758,Ford,LW1951
2759,Audi,NO7478
2760,Toyota,NQ7678
2761,Hyundai,UI7647
2762,Peugeot,QQ4741
2763,BMW,SC3285
2764,Ford,IK5680
2765,Hyundai,CC8209
2766,Ford,ZJ2052
2767,BMW,WD2967
2768,Nissan,BG4825
2769,Hyundai,IT8254
2770,Toyota,PF8162
2771,Ford,PD7357
2772,BMW,JB8337
2773,Audi,JV1691
2774,Nissan,KX4246
2775,Lada,EO6013
2776,Opel,SC4633
2777,Audi,BT1332
2778,Hyundai,NY5571
2779,Renault,XN2067
2780,Renault,TZ9575
2781,Nissan,FS3271
2782,Opel,QU5207
2783,Nissan,KL5265
2784,Ford,LZ4113
2785,Honda,LR8687
2786,Renault,SN7733
2787,BMW,VS7014
2788,Opel,SB6983
2789,Ford,QJ1846
2790,Hyundai,FP7601
2791,Toyota,BH2234
2792,Toyota,CF4897
2793,Honda,OK7873
2794,Nissan,AK7315
2795,Nissan,VM1525
2796,Nissan,JN1820
2797,Hyundai,LM2550
2798,Nissan,DZ1005
2799,Ford,PN5675
2800,Audi,BL6182
2801,Toyota,LV5421
2802,BMW,IE1141
2803,Opel,MI4252
2804,Lada,IX8118
2805,Honda,RG9677
2806,BMW,VA8534
2807,Hyundai,VN3925
2808,Honda,UK2178
2809,Toyota,TK3160
2810,Audi,HZ2893
2811,Honda,CH2653
2812,Ford,VI6731
2813,Renault,QZ9774
2814,Honda,LX1374
2815,Renault,VK4085
2816,Audi,VF6913
2817,Audi,JU4857
2818,Lada,JP6400
2819,Renault,HZ5579
2820,BMW,JT3707
2821,Nissan,UU2867
2822,Hyundai,YS9035
2823,BMW,MX8195
2824,Honda,TF7410
2825,BMW,US1961
2826,Lada,DM8922
2827,Peugeot,OM9380
2828,Honda,JA9897
2829,Honda,FB8884
2830,Peugeot,YS4372
2831,Audi,UF1129
2832,Nissan,IS6041
2833,Hyundai,IJ6017
2834,Hyundai,DP6910
2835,Peugeot,IY6079
2836,Hyundai,KX6086
2837,Opel,BA8415
2838,Toyota,YW5532
2839,Ford,CH7980
2840,Renault,KP5846
2841,BMW,RA1723
2842,Lada,WL5672
2843,Audi,LQ5897
2844,Renault,JB6958
2845,Hyundai,FO6694
2846,BMW,PJ6596
2847,Peugeot,MN8027
2848,Lada,KU2394
2849,Nissan,IU6488
2850,Peugeot,XK4923
2851,Honda,VL9005
2852,Renault,XD9438
2853,Opel,HW9536
2854,Hyundai,AG9238
2855,Peugeot,BF1809
2856,Ford,CV2227
2857,Audi,YQ6814
2858,Ford,MG3277
2859,Renault,QY9654
2860,Honda,TX9438
2861,Ford,ER4051
2862,Nissan,NE8037
2863,Honda,OR4642
2864,Ford,TR2568
2865,Lada,TX8556
2866,Audi,LU4169
2867,Audi,JQ9069
2868,Toyota,YM2073
2869,Opel,QH8233
2870,Audi,AE8368
2871,Toyota,YR6488
2872,Hyundai,GW8739
2873,Opel,HS6102
2874,BMW,ZV4269
2875,Toyota,FA3928
2876,Renault,RP1767
2877,Opel,OX8590
2878,Honda,SI3158
2879,Lada,JG1348
2880,Peugeot,UW6775
2881,Audi,RC6188
2882,Nissan,BI2914
2883,Audi,KX7625
2884,Nissan,HL2948
2885,Opel,RN7593
2886,Toyota,WK3948
2887,Renault,PU6384
2888,Peugeot,OA8225
2889,Opel,LX1714
2890,BMW,WG5251
2891,Nissan,DC1474
2892,Renault,QM2135
2893,Honda,UO3835
2894,Peugeot,YD2216
2895,Toyota,BJ6825
2896,Renault,PB4997
2897,Nissan,DI1238
2898,Audi,VT6581
2899,Renault,MR4691
2900,Opel,SK3835
2901,Lada,QU4317
2902,Opel,EL3142
2903,Nissan,FY8739
2904,Lada,IV6228
2905,Toyota,TT7855
2906,BMW,QP4825
2907,Opel,VA8359
2908,Opel,UP1821
2909,BMW,HP9625
2910,Hyundai,JK5706
2911,Hyundai,CQ9315
2912,Toyota,JH8515
2913,Hyundai,FB2746
2914,Peugeot,JN2178
2915,BMW,EZ3589
2916,Audi,AU7273
2917,Ford,OX2054
2918,Ford,GT6035
2919,Lada,AI3979
2920,Opel,QI8751
2921,Opel,ZO5674
2922,Toyota,FP3095
2923,Audi,LF6800
2924,Hyundai,DA9179
2925,Peugeot,KJ2335
2926,BMW,ZW7254
2927,Peugeot,TZ7079
2928,BMW,BF6533
2929,Renault,AV6196
2930,Lada,YD8140
2931,Opel,NZ8174
2932,Ford,NE2505
2933,Renault,HJ3381
2934,Nissan,GA9235
2935,Toyota,YC7353
2936,Audi,WI7601
2937,Toyota,LJ6539
2938,Ford,VU7575
2939,Ford,VX9024
2940,Nissan,ZA1494
2941,Opel,QQ2094
2942,Ford,US5651
2943,Hyundai,RL9534
2944,Toyota,FR9197
2945,Hyundai,AY3262
2946,Toyota,YA6420
2947,Renault,IN1597
2948,BMW,GF3775
2949,Renault,NQ2520
2950,Toyota,DA8057
2951,Toyota,LV8925
2952,Renault,ZY3508
2953,Opel,ZD1232
2954,Opel,OZ6893
2955,Peugeot,QP2270
2956,Opel,NG8832
2957,Renault,TR7349
2958,Peugeot,KV5709
2959,Audi,UC9424
2960,Hyundai,GS7772
2961,Opel,LD8045
2962,Nissan,DT3150
2963,Peugeot,FS7529
2964,Lada,UB9528
2965,Peugeot,RP5409
2966,Lada,YU6491
2967,Ford,AK3427
2968,BMW,CE2719
2969,Lada,MJ1355
2970,Nissan,MY8445
2971,Renault,LN7519
2972,Peugeot,MZ7098
2973,Honda,VG3690
2974,Nissan,YL8778
2975,Renault,SB3944
2976,Nissan,UY1134
2977,Toyota,WS8889
2978,BMW,ET7192
2979,Toyota,EF2197
2980,Renault,QV4494
2981,BMW,SD8867
2982,Hyundai,IJ4298
2983,Ford,VB9800
2984,Lada,NP2725
2985,Toyota,AO2230
2986,Ford,RV5472
2987,Opel,AJ3051
2988,Lada,KC6036
2989,Lada,RN6786
2990,Ford,HS8925
2991,Honda,IB5613
2992,Lada,NE7016
2993,Audi,AN8692
2994,Hyundai,PL4350
2995,Nissan,EL3590
2996,Honda,VI4570
2997,Hyundai,WF2816
2998,Nissan,TC7279
2999,Lada,CM9465
3000,Nissan,AB8356
3001,Ford,QM5753
3002,BMW,IS7842
3003,Toyota,ND8753
3004,Audi,LI2377
3005,Audi,XG9312
3006,Audi,WA4165
3007,Hyundai,OC1882
3008,Toyota,LL4699
3009,Hyundai,DM1020
3010,Nissan,JK8574
3011,Hyundai,DC2264
3012,Renault,FR2314
3013,Honda,TW8918
3014,Nissan,SJ4849
3015,Renault,RO5970
3016,Opel,LN6068
3017,Renault,NA3592
3018,Ford,XK5649
3019,BMW,GY7166
3020,Ford,WQ4236
3021,BMW,OY1212
3022,Ford,MZ3662
3023,Hyundai,DS4551
3024,Nissan,NI3749
3025,BMW,XC8608
3026,Ford,SX2050
3027,Honda,PP7724
3028,Renault,MW1297
3029,Honda,DY7002
3030,Opel,QE7043
3031,Audi,JB8941
3032,BMW,EL8615
3033,Honda,LV8083
3034,BMW,XN5421
3035,Hyundai,ML5669
3036,BMW,VT6639
3037,Nissan,WN9800
3038,Audi,HZ3942
3039,Hyundai,MK5839
3040,Audi,UR9760
3041,Peugeot,SR8929
3042,Hyundai,IB3454
3043,Toyota,HD9452
3044,BMW,OU8276
3045,Hyundai,ZI5016
3046,Renault,BO9354
3047,BMW,ER2958
3048,Opel,KR4890
3049,Renault,EI1306
3050,Lada,LU8683
3051,Hyundai,BT4527
3052,Audi,ID8641
3053,Audi,PO4055
3054,Renault,OK2014
3055,Opel,DS5474
3056,BMW,IH7044
3057,Toyota,AN9298
3058,Opel,DE1483
3059,Nissan,TN1021
3060,Nissan,SU5352
3061,Nissan,WH3205
3062,Opel,SM1130
3063,Audi,LZ6450
3064,Honda,HA3984
3065,Audi,BK3164
3066,Nissan,PH3630
3067,Ford,BJ1231
3068,Honda,OP4614
3069,Toyota,GY8515
3070,Honda,WN2561
3071,Toyota,OZ1134
3072,Hyundai,OG5321
3073,Ford,ZF1852
3074,Ford,BV1762
3075,Renault,SN1169
3076,Renault,NT6146
3077,Toyota,PB9054
3078,Hyundai,MD7618
3079,Hyundai,RJ5813
3080,Hyundai,ON5662
3081,Ford,WJ6675
3082,Peugeot,HB5447
3083,Toyota,UD3303
3084,Honda,CS6632
3085,Opel,JV4616
3086,Toyota,PD5399
3087,Toyota,YB2291
3088,Opel,TH7167
3089,Ford,ES9309
3090,Ford,VZ6957
3091,Honda,UH6357
3092,Opel,WG4284
3093,Nissan,UC5738
3094,Toyota,BB4896
3095,Nissan,TC3836
3096,Honda,CA5251
3097,Peugeot,NC2252
3098,Renault,ND3807
3099,Ford,PD4238
3100,BMW,WI3657
3101,Hyundai,AR8605
3102,Audi,GJ9061
3103,Lada,MK2140
3104,Lada,ET2075
3105,Toyota,VU8399
3106,Nissan,GN7932
3107,Opel,JS1015
3108,Opel,BK1373
3109,Toyota,QW1473
3110,Peugeot,FM5429
3111,Toyota,GQ7903
3112,Opel,SM7856
3113,Audi,HS2680
3114,Toyota,MM1809
3115,Peugeot,BZ4833
3116,Ford,OC3484
3117,Renault,TP1152
3118,Ford,BX4383
3119,Opel,VA1546
3120,Opel,EU8083
3121,Hyundai,SO9489
3122,Opel,HS6518
3123,Honda,OL9620
3124,Honda,KE5098
3125,Opel,ZP3946
3126,Toyota,QY3785
3127,BMW,BM5739
3128,Nissan,NE7245
3129,Ford,JX2052
3130,Honda,SJ7844
3131,Audi,BX7957
3132,Audi,BS7928
3133,Honda,GY6877
3134,Toyota,PM9575
3135,Opel,PI6365
3136,Renault,XU4218
3137,Nissan,OX4969
3138,Opel,KW2472
3139,Opel,KJ8599
3140,BMW,IK1292
3141,Audi,IU1832
3142,Honda,CG8618
3143,Nissan,YA1809
3144,Nissan,VL8653
3145,Renault,JE2908
3146,BMW,NX9262
3147,Audi,SI2670
3148,Renault,UH7932
3149,Honda,BA1903
3150,Toyota,ZI6025
3151,BMW,LP6303
3152,Ford,DZ7651
3153,Lada,BA9603
3154,Audi,MO4698
3155,Hyundai,SL3143
3156,Lada,IG6781
3157,Audi,NK2203
3158,Audi,YU7978
3159,Lada,XA8209
3160,Peugeot,IA1812
3161,Nissan,XU1429
3162,Honda,JU6675
3163,Nissan,YI3957
3164,Audi,ZZ7508
3165,Audi,ED2306
3166,Honda,WZ4898
3167,Nissan,BV4464
3168,Lada,UI4261
3169,Lada,NB1652
3170,Opel,UC8190
3171,Renault,LQ5600
3172,BMW,IU8871
3173,Ford,GE3503
3174,Nissan,PR2638
3175,Nissan,HY6524
3176,Honda,QL5245
3177,BMW,HK3779
3178,Ford,FL5476
3179,Honda,HH9679
3180,Renault,TF5725
3181,Renault,BA4742
3182,Toyota,TA6640
3183,Nissan,UY3571
3184,Honda,KU9269
3185,Hyundai,GG4909
3186,Lada,SA3357
3187,Audi,DB6512
3188,Toyota,CH8520
3189,Opel,JV2918
3190,Renault,RB4314
3191,BMW,LM1266
3192,Ford,OR7155
3193,Renault,TI6111
3194,Opel,WH1666
3195,Hyundai,GB9366
3196,Hyundai,YL9839
3197,Lada,US7648
3198,Ford,KL2345
3199,BMW,PH9883
3200,Ford,ZU9178
3201,Ford,QM1456
3202,Audi,YP2344
3203,Nissan,JQ9299
3204,BMW,EO9553
3205,Honda,AF7000
3206,BMW,PT7074
3207,BMW,RE2468
3208,BMW,TR8379
3209,Hyundai,MH1575
3210,Audi,JQ5709
3211,Opel,WK1655
3212,Honda,OW9688
3213,BMW,MZ9790
3214,Lada,RX1792
3215,Opel,BW4752
3216,Renault,OG6971
3217,Nissan,CX5758
3218,Toyota,HE3273
3219,Opel,HT1380
3220,Ford,FO5135
3221,BMW,GT9641
3222,Honda,VU2374
3223,Audi,BG9984
3224,BMW,WG3665
3225,Hyundai,SI4374
3226,Hyundai,HB9459
3227,Ford,UT7135
3228,Audi,AK1963
3229,Lada,KR5671
3230,BMW,BD5885
3231,Opel,LC1152
3232,Opel,WU7669
3233,Audi,MK8726
3234,Nissan,WS6147
3235,Hyundai,DL3815
3236,Lada,DQ5353
3237,Honda,FY5649
3238,BMW,UE7821
3239,Lada,JW8367
3240,Nissan,FH2482
3241,Ford,BQ3890
3242,Ford,DZ3856
3243,Opel,XI5551
3244,Renault,LB1505
3245,Opel,JR2517
3246,Peugeot,YB6385
3247,Opel,ZS6606
3248,Audi,SU2563
3249,Ford,MU7390
3250,Audi,JF3903
3251,Audi,BF7821
3252,BMW,CR1025
3253,Ford,MO3412
3254,BMW,GW9682
3255,Opel,CB3022
3256,Toyota,OL1421
3257,Opel,VM9871
3258,Honda,RO2883
3259,Renault,OV6767
3260,BMW,WF3212
3261,Nissan,YQ2129
3262,Toyota,IA7551
3263,Honda,QK8642
3264,Toyota,QR8937
3265,Opel,TG1096
3266,Renault,CO7416
3267,BMW,ST2580
3268,Renault,KD1603
3269,Ford,OW5071
3270,Nissan,OG6516
3271,Opel,RR4066
3272,Hyundai,NV3255
3273,Peugeot,GF6304
3274,Renault,ZX5777
3275,Toyota,AQ8790
3276,Peugeot,FH2073
3277,Ford,QZ3173
3278,Honda,JB3417
3279,Opel,QW2218
3280,Opel,CJ1901
3281,Peugeot,QR7591
3282,Renault,JU7855
3283,Renault,ZZ1192
3284,Toyota,CN1485
3285,Nissan,KJ7993
3286,BMW,RN1410
3287,Ford,HO8739
3288,Lada,PQ5088
3289,Audi,WL6648
3290,Toyota,CE8229
3291,Lada,MA5695
3292,Audi,VS9779
3293,Audi,RF5716
3294,Toyota,VT2373
3295,Hyundai,EQ4952
3296,Ford,VA9357
3297,BMW,OP7216
3298,Opel,UJ9174
3299,Hyundai,WB7600
3300,BMW,OP1134
3301,Toyota,HL8679
3302,Honda,XT9918
3303,Hyundai,IG4962
3304,Audi,XR4810
3305,Toyota,MK4265
3306,Audi,VO1671
3307,Lada,PD8666
3308,Lada,XU6137
3309,Lada,UP7523
3310,Honda,CB5943
3311,Honda,QU4787
3312,Peugeot,RX1528
3313,Lada,FH6942
3314,Peugeot,CC3564
3315,Nissan,RR8709
3316,Toyota,MS7024
3317,Peugeot,JW5676
3318,Renault,NK8688
3319,Audi,SS5374
3320,Renault,ER6574
3321,Peugeot,EM9851
3322,Renault,YO7636
3323,Peugeot,MW3115
3324,Toyota,DM3798
3325,Ford,OI4415
3326,Lada,HX9600
3327,Nissan,SX3667
3328,Ford,GE2851
3329,Toyota,QD1131
3330,Toyota,OE4646
3331,Renault,JU9393
3332,Hyundai,YN3716
3333,Toyota,TI2782
3334,Opel,YW8905
3335,Opel,OV9358
3336,Opel,UV4474
3337,Nissan,QB7810
3338,Honda,KA7012
3339,Honda,GT9982
3340,Hyundai,NQ7887
3341,BMW,YG8604
3342,Renault,OY1064
3343,Ford,NX8857
3344,Renault,OW6921
3345,Lada,CJ8677
3346,Ford,MA4782
3347,Hyundai,AR6693
3348,Lada,DA1583
3349,BMW,GR5470
3350,Hyundai,HV9711
3351,Ford,KR3691
3352,Nissan,IO3045
3353,Renault,KC5030
3354,Lada,YV2501
3355,Nissan,NC4542
3356,Renault,BK9728
3357,Nissan,HJ5363
3358,Opel,AP7217
3359,Hyundai,BD5568
3360,Renault,II5569
3361,Honda,IE2388
3362,Ford,HM7454
3363,Lada,SK1889
3364,Toyota,HZ1590
3365,Opel,NE9083
3366,BMW,WG6601
3367,Hyundai,HV6733
3368,Audi,GX5539
3369,Audi,JF1868
3370,Peugeot,AE8091
3371,Lada,ZW2630
3372,Honda,YN2063
3373,Honda,WU1027
3374,Peugeot,WS4386
3375,Lada,DO5048
3376,Toyota,PI5647
3377,Renault,EK5468
3378,Toyota,SA8878
3379,Ford,GQ5076
3380,BMW,JU4271
3381,Toyota,HX5447
3382,Opel,SN2248
3383,Ford,YX3311
3384,Audi,OA2826
3385,Peugeot,LQ9468
3386,Opel,UU5390
3387,Toyota,ZV1673
3388,Ford,HY7082
3389,Nissan,QH4504
3390,Toyota,OF2138
3391,Ford,DF5297
3392,Opel,NZ1607
3393,Audi,VL8435
3394,Audi,ZO8688
3395,Audi,HN9124
3396,BMW,MM5528
3397,Honda,OL9626
3398,Renault,TU9224
3399,Nissan,LK9874
3400,BMW,AY3715
3401,Renault,NB6707
3402,Ford,HJ7595
3403,Renault,PY7027
3404,Renault,ES3278
3405,Renault,KR2152
3406,Ford,FR4927
3407,Lada,EE8948
3408,Lada,QO4250
3409,Ford,RJ1728
3410,Hyundai,JH5772
3411,Honda,IB2486
3412,Lada,GK4809
3413,Nissan,HJ4545
3414,BMW,MU6860
3415,Lada,PJ7493
3416,Peugeot,KZ6800
3417,Opel,CR1914
3418,Honda,ZU5464
3419,Honda,HK3860
3420,Opel,BK7749
3421,Peugeot,JS5792
3422,Honda,RV6834
3423,Ford,SE6760
3424,Lada,QY1558
3425,Lada,YU7563
3426,Toyota,MR2017
3427,Hyundai,BD2654
3428,Hyundai,AY1255
3429,Toyota,IV8734
3430,Lada,QJ6283
3431,Honda,BO3181
3432,Peugeot,XJ5416
3433,Toyota,BU8640
3434,Renault,DX4787
3435,Audi,WH7664
3436,Ford,FI5418
3437,Audi,KU5410
3438,Opel,IF7049
3439,Audi,BR9147
3440,BMW,MP8178
3441,Hyundai,GB4485
3442,Opel,FR7466
3443,Peugeot,TG2743
3444,Renault,PB5783
3445,Audi,GO6245
3446,Peugeot,TC9662
3447,Opel,EM2047
3448,Honda,JO1687
3449,Hyundai,VQ5179
3450,Honda,ON7159
3451,Nissan,SM8183
3452,Peugeot,FK4848
3453,Ford,UU5487
3454,Hyundai,SQ1483
3455,Lada,CU1151
3456,BMW,RE4929
3457,Ford,GU3366
3458,Peugeot,WX2060
3459,Nissan,QH3327
3460,Peugeot,JF4330
3461,Hyundai,EK6430
3462,Toyota,CX7326
3463,Opel,ZF1087
3464,Renault,JY9432
3465,Honda,JE2719
3466,Honda,OW8067
3467,BMW,QK1299
3468,Hyundai,RK4622
3469,BMW,MH9642
3470,Opel,AM8698
3471,Ford,DS4006
3472,Nissan,VI5147
3473,Honda,DY7698
3474,Nissan,KZ5734
3475,Ford,QC1255
3476,Peugeot,CM2095
3477,Toyota,AP1992
3478,Lada,UY3064
3479,Audi,WR6707
3480,Opel,LM6538
3481,Ford,RI8382
3482,Ford,RY4395
3483,Peugeot,YE4244
3484,Opel,NE7136
3485,BMW,OI8779
3486,Peugeot,RW4096
3487,Ford,EO6669
3488,Lada,AZ4708
3489,Toyota,ZC7620
3490,Nissan,WQ7040
3491,Toyota,HO5149
3492,Ford,FZ6862
3493,Ford,BH9611
3494,Peugeot,VA2559
3495,Lada,PG7373
3496,Renault,XW4354
3497,Renault,PK4231
3498,BMW,BQ9996
3499,Hyundai,YE4958
3500,Opel,IJ3093
3501,Ford,PC9122
3502,Toyota,RQ4566
3503,Hyundai,WX4008
3504,Toyota,CW8726
3505,Nissan,IP3440
3506,Hyundai,WQ4219
3507,Nissan,HT5127
3508,Audi,PG9526
3509,Toyota,SO3735
3510,Renault,QZ8267
3511,Opel,EU8023
3512,Opel,DA4366
3513,Ford,ZX6540
3514,Ford,JZ1626
3515,Opel,OV6589
3516,Peugeot,AE8222
3517,Audi,LU4304
3518,Toyota,YX3615
3519,Toyota,ZZ8965
3520,Ford,JX8221
3521,Opel,HS1250
3522,BMW,PZ3971
3523,Nissan,ED4757
3524,Opel,EY8113
3525,Nissan,JS6437
3526,Toyota,CO1938
3527,Audi,MT8277
3528,Nissan,RB2579
3529,Nissan,XB5935
3530,Hyundai,SE4805
3531,Renault,AB4543
3532,Ford,ZZ5004
3533,Renault,JW6202
3534,Peugeot,HE1457
3535,Nissan,WN5460
3536,Ford,PS6435
3537,Peugeot,TY5687
3538,Toyota,OE1319
3539,Renault,PA2964
3540,Honda,FT7799
3541,Lada,IB5750
3542,Audi,QH4910
3543,Renault,WM2106
3544,Audi,MZ6519
3545,BMW,CV7741
3546,Nissan,LG8354
3547,Nissan,PD1918
3548,Honda,CB5259
3549,Honda,QS1771
3550,Hyundai,YM1847
3551,Ford,YR1302
3552,Peugeot,GW6112
3553,Peugeot,IM4115
3554,Honda,CI2747
3555,Audi,GB8675
3556,Peugeot,NO8508
3557,Lada,DZ2194
3558,Audi,GT5986
3559,Lada,RX1145
3560,Audi,IQ2239
3561,Renault,EF7246
3562,Toyota,GD4770
3563,Audi,FX1063
3564,Hyundai,UB2534
3565,Hyundai,CS8264
3566,Hyundai,TX8960
3567,Ford,BZ7382
3568,BMW,QF1139
3569,BMW,RV4229
3570,Toyota,FM4738
3571,Lada,YS2392
3572,Hyundai,RZ6209
3573,BMW,TX9386
3574,Toyota,VT6204
3575,Honda,BQ7169
3576,Toyota,DH4294
3577,Renault,UJ1575
3578,Renault,AI9026
3579,Opel,PQ6326
3580,Audi,DT2166
3581,Nissan,TW7624
3582,Lada,LW7592
3583,Opel,QY2037
3584,Opel,MU8460
3585,Honda,JY9857
3586,Hyundai,RP8855
3587,Peugeot,HI4891
3588,Nissan,YF5604
3589,Ford,YD6153
3590,Honda,FD2509
3591,Hyundai,MR5986
3592,Audi,EP2394
3593,Renault,BW7136
3594,Audi,SC7346
3595,Audi,LY6304
3596,BMW,IC9891
3597,Audi,LZ7306
3598,Lada,DM8227
3599,Ford,PA7413
3600,Honda,OO7607
3601,Peugeot,CL4252
3602,Lada,NI1293
3603,Audi,GQ9945
3604,Opel,IG2987
3605,Renault,VD1507
3606,Ford,XY6909
3607,Ford,YJ4043
3608,Honda,AU2210
3609,Nissan,ED1339
3610,Lada,GI7065
3611,Toyota,SW4972
3612,Toyota,KK4909
3613,Honda,XO4525
3614,Toyota,PD8376
3615,Nissan,XI3728
3616,BMW,GX8586
3617,Nissan,CT6690
3618,Lada,YI3450
3619,Honda,CP2062
3620,Opel,WN1375
3621,BMW,CX9863
3622,Audi,KO4186
3623,Hyundai,JD9041
3624,Lada,HQ8689
3625,Peugeot,ZN5008
3626,Audi,FE8508
3627,Opel,FS3703
3628,Renault,EN4348
3629,BMW,DZ5398
3630,Honda,MY8766
3631,Toyota,WX4984
3632,Opel,XE2890
3633,Ford,OD8303
3634,Renault,JU6206
3635,Audi,AA4340
3636,Audi,LR1098
3637,Hyundai,VZ5378
3638,Ford,CH3583
3639,Audi,LO8371
3640,Lada,MY9030
3641,Peugeot,DJ6386
3642,Toyota,UY7931
3643,Hyundai,BV8384
3644,Toyota,IZ8215
3645,Ford,RO3369
3646,Peugeot,NW3765
3647,Honda,IA3995
3648,Opel,WW8849
3649,Renault,YM1231
3650,Lada,AM3139
3651,Hyundai,PK8781
3652,BMW,DD4586
3653,Renault,GK7173
3654,Opel,GT6443
3655,Nissan,VH6104
3656,Honda,DR8834
3657,Nissan,JG8740
3658,Renault,RV9539
3659,Lada,TX3065
3660,Audi,QL9702
3661,Honda,DL4219
3662,Lada,II1356
3663,Opel,AO4730
3664,Honda,HU7725
3665,Honda,VH4176
3666,BMW,TA6881
3667,Honda,VA3741
3668,Ford,HE8355
3669,Toyota,UN3188
3670,Renault,VX9280
3671,Lada,VU6279
3672,Opel,VB1210
3673,Toyota,NE4064
3674,Honda,VS8667
3675,Peugeot,AZ5216
3676,Nissan,HV1616
3677,Ford,KU3472
3678,Renault,TG3023
3679,Hyundai,OJ2784
3680,Opel,AY9107
3681,Ford,ZH7219
3682,Hyundai,BH9218
3683,Honda,AY8091
3684,Renault,SH9735
3685,Ford,IV4777
3686,Toyota,HH3596
3687,Lada,MN2741
3688,Opel,PO2084
3689,Audi,EF5668
3690,Honda,HZ9475
3691,Hyundai,FO1329
3692,Honda,IX5226
3693,Lada,GM2736
3694,Lada,RP4575
3695,Honda,FK8096
3696,Audi,UA5251
3697,Lada,VI6601
3698,Honda,VU4394
3699,Lada,WS7619
3700,Lada,NY3974
3701,Peugeot,SH9120
3702,Lada,ZV3168
3703,Toyota,GV8874
3704,Nissan,BO7358
3705,Ford,SU6169
3706,Opel,YS3970
3707,Peugeot,IE3705
3708,Honda,KM3162
3709,BMW,GK2073
3710,Hyundai,ZM8572
3711,Hyundai,SF7924
3712,Nissan,RL7262
3713,Lada,BB4443
3714,Opel,CV1592
3715,Renault,NA9680
3716,Audi,VZ5938
3717,BMW,OB3702
3718,Nissan,SV2493
3719,Honda,BV9513
3720,Toyota,TG2036
3721,Ford,NH3624
3722,Honda,JF7946
3723,Honda,QP2218
3724,Lada,MQ7276
3725,Ford,EA6662
3726,Toyota,QU3998
3727,Peugeot,LR8413
3728,Peugeot,KO5469
3729,Ford,RY2518
3730,Ford,EM5184
3731,Audi,BG5939
3732,Hyundai,YG2095
3733,Lada,XS7849
3734,Renault,QO9335
3735,Opel,IM2577
3736,BMW,XQ4979
3737,Toyota,CK4379
3738,Toyota,JN9678
3739,Peugeot,QV4213
3740,Ford,VW8375
3741,Audi,BT6028
3742,BMW,EB6860
3743,Lada,JA1881
3744,Ford,FZ1947
3745,BMW,XD8290
3746,Honda,AJ5383
3747,Opel,OW7903
3748,Audi,WZ5727
3749,Nissan,MA4038
3750,Audi,RA1003
3751,Hyundai,FG2946
3752,Hyundai,LM8611
3753,Opel,EI6120
3754,Ford,OW2235
3755,Nissan,TU4677
3756,Lada,FN8218
3757,Ford,LE5716
3758,Hyundai,WG3099
3759,Opel,TK7243
3760,Audi,SO2343
3761,Nissan,FI5438
3762,Honda,TY2406
3763,Opel,SP7785
3764,Nissan,KQ3438
3765,Lada,UL3468
3766,Renault,FR7068
3767,Hyundai,FN4697
3768,Peugeot,AU8284
3769,Ford,DL6804
3770,BMW,NZ8147
3771,Ford,SS5661
3772,Renault,WO9421
3773,Toyota,KH2259
3774,Audi,IS9259
3775,Peugeot,RA1978
3776,BMW,ZS3614
3777,Opel,SW2981
3778,Toyota,AO5077
3779,BMW,LE4730
3780,Ford,OZ9743
3781,Audi,LS1205
3782,Audi,TJ8419
3783,Nissan,HC7316
3784,Audi,NU8642
3785,Ford,DT7725
3786,Nissan,UE7166
3787,Peugeot,IZ3854
3788,Toyota,SI3588
3789,Hyundai,NU8934
3790,Lada,JL8878
3791,Hyundai,ZR5103
3792,Toyota,QF8000
3793,Honda,PT5424
3794,Nissan,GV7668
3795,Peugeot,RR5460
3796,Nissan,BW1168
3797,Honda,AU2195
3798,Nissan,FK7057
3799,Opel,UT5006
3800,Peugeot,KY5224
3801,Hyundai,KA5249
3802,Toyota,GH3468
3803,Audi,BL9650
3804,Honda,YB2939
3805,Lada,KT8958
3806,Audi,CZ5461
3807,Hyundai,YV9548
3808,Peugeot,UI1478
3809,Ford,SM2195
3810,Audi,YA8800
3811,Lada,RB1528
3812,Audi,XJ4699
3813,Opel,PE6023
3814,Nissan,PJ9971
3815,Nissan,NP2995
3816,Opel,YU4136
3817,Honda,FT3688
3818,Opel,ZJ4342
3819,Ford,DP7530
3820,Renault,KW6815
3821,Lada,UO1472
3822,BMW,DM2719
3823,Lada,TF1475
3824,Opel,YP8378
3825,Toyota,WQ8293
3826,Hyundai,OZ1235
3827,Peugeot,AN3534
3828,Hyundai,ZX7086
3829,Opel,SW5888
3830,Toyota,JY2145
3831,Honda,IM3955
3832,Opel,JT7729
3833,Lada,LA2520
3834,Ford,XW2220
3835,Audi,RV7324
3836,BMW,WC8056
3837,Toyota,IB5671
3838,Toyota,ZC4776
3839,Toyota,NZ5354
3840,BMW,EV6359
3841,Audi,TJ3094
3842,Renault,HB1991
3843,BMW,MS6920
3844,Lada,AJ6819
3845,Audi,GQ5581
3846,Audi,PN6954
3847,Toyota,UC4777
3848,Renault,DV3902
3849,Nissan,PS7323
3850,BMW,TJ1122
3851,Audi,HT2736
3852,BMW,NV3831
3853,Nissan,XK2734
3854,Lada,KT9243
3855,Audi,AD8261
3856,Lada,GU7305
3857,BMW,KY6316
3858,Lada,JM9355
3859,Toyota,XP2187
3860,Renault,XW7590
3861,Opel,DX2383
3862,BMW,RL6416
3863,Toyota,PA4403
3864,Nissan,UC1734
3865,Nissan,HW6261
3866,Audi,MK2127
3867,Peugeot,LA6624
3868,Opel,EK6978
3869,Hyundai,CG5082
3870,Peugeot,NN5166
3871,Audi,PC2320
3872,Peugeot,IJ2844
3873,Peugeot,DJ5681
3874,Peugeot,FD2244
3875,Opel,AY2071
3876,Lada,KR8860
3877,Hyundai,AG2962
3878,Opel,GR8937
3879,Ford,LJ2377
3880,Ford,KX6018
3881,Toyota,WE4682
3882,Nissan,HJ3557
3883,Toyota,JO8905
3884,Toyota,VW1178
3885,Nissan,SR7759
3886,BMW,VR4722
3887,Peugeot,SE8075
3888,BMW,GH4558
3889,Opel,PL8827
3890,Nissan,HO2164
3891,Honda,WQ2552
3892,Toyota,ZP2004
3893,Toyota,MW3759
3894,Renault,XQ9524
3895,Audi,XY8840
3896,Ford,OC9095
3897,Honda,JT8507
3898,Audi,KI1920
3899,Renault,PC6154
3900,Peugeot,FP8055
3901,Toyota,SM6916
3902,Lada,TL3403
3903,Lada,QP7232
3904,Honda,XO8687
3905,BMW,NJ6779
3906,Peugeot,YB1220
3907,Honda,WU8207
3908,Hyundai,FD2141
3909,Peugeot,DM8828
3910,Opel,WN5945
3911,Renault,DE2219
3912,Lada,KU3664
3913,BMW,PN8667
3914,Toyota,OV1316
3915,Honda,KZ9235
3916,Toyota,JA4799
3917,Hyundai,AO4870
3918,Opel,XL7645
3919,Lada,TG7373
3920,Hyundai,UB7734
3921,Opel,HG2374
3922,BMW,OC8422
3923,Audi,BL2978
3924,Peugeot,XT2678
3925,Peugeot,ZN7426
3926,Honda,FP6680
3927,Toyota,WF8116
3928,Renault,YV4326
3929,Audi,NL7152
3930,Lada,QB6201
3931,Nissan,UC1394
3932,Ford,JA9504
3933,BMW,IS5158
3934,Audi,TW6527
3935,Hyundai,HV3113
3936,Nissan,KN9424
3937,Toyota,WE1563
3938,Ford,ED7429
3939,Hyundai,PD1833
3940,Renault,PF4377
3941,BMW,RH9522
3942,Peugeot,TI9437
3943,Hyundai,OU1107
3944,Peugeot,OR9696
3945,Honda,XN4945
3946,Audi,EJ3468
3947,Peugeot,TY4788
3948,Renault,MB8895
3949,Audi,II6120
3950,Audi,II9868
3951,Audi,NK7042
3952,BMW,SU5491
3953,BMW,QX5641
3954,Lada,AC9342
3955,Hyundai,QU1485
3956,Peugeot,MY6474
3957,Opel,KF6110
3958,Honda,SO2998
3959,Ford,EH9339
3960,Audi,FW7515
3961,Peugeot,CD4038
3962,Honda,YO4781
3963,BMW,IM5083
3964,Toyota,UZ6308
3965,Toyota,RG7362
3966,BMW,XG7514
3967,Honda,YV6989
3968,Renault,LF2148
3969,Honda,YO4895
3970,Hyundai,JF4155
3971,Toyota,DX3819
3972,Nissan,ZP6146
3973,Honda,LD5936
3974,Lada,KK5744
3975,Nissan,FL3652
3976,Nissan,QZ5586
3977,Hyundai,DG2037
3978,Nissan,LC7733
3979,Nissan,FG1824
3980,Honda,DP9311
3981,Audi,EY5324
3982,Lada,IG7934
3983,Nissan,BE1107
3984,Honda,TE6351
3985,BMW,CZ1242
3986,Opel,MJ2130
3987,BMW,ZS9829
3988,Peugeot,LG3290
3989,Ford,GG9950
3990,Toyota,AU4447
3991,Nissan,DW6674
3992,Opel,LD9611
3993,BMW,MZ6239
3994,Peugeot,IY3286
3995,Ford,NJ7301
3996,Opel,PN8639
3997,Audi,XI7882
3998,Hyundai,ZG6600
3999,Nissan,OS1111
4000,Opel,RD5012
4001,Honda,PP1909
4002,Renault,GO9472
4003,Ford,HB3951
4004,Toyota,OR2068
4005,Audi,SD3047
4006,Opel,YC4892
4007,Audi,UJ7488
4008,Opel,RQ3161
4009,Lada,ZX1030
4010,Opel,AV2182
4011,BMW,OS7609
4012,Renault,HT9008
4013,BMW,FT4797
4014,Renault,EY3496
4015,BMW,CL9267
4016,Honda,QS3298
4017,Audi,VT5373
4018,Honda,IA5664
4019,Peugeot,VB5191
4020,Honda,MB9644
4021,Opel,LE2185
4022,Toyota,QS7577
4023,Nissan,AK2337
4024,Nissan,FL5708
4025,Peugeot,SS7970
4026,Peugeot,ST3660
4027,BMW,YU8158
4028,Hyundai,VF8658
4029,Hyundai,GF4840
4030,BMW,RL6075
4031,Ford,QI1643
4032,Ford,LR6900
4033,Renault,LV6895
4034,Ford,DK8844
4035,Nissan,OW3497
4036,Nissan,HH9456
4037,Renault,OD8279
4038,Hyundai,PI8871
4039,Hyundai,YL5449
4040,Opel,MB3242
4041,Peugeot,YU8552
4042,Ford,GU5231
4043,Ford,MY1928
4044,Lada,WI9558
4045,Lada,AQ5723
4046,Ford,SO8019
4047,Nissan,VW8312
4048,Hyundai,XR9616
4049,Honda,EE8278
4050,Ford,DE1484
4051,BMW,ZB7375
4052,Opel,LF9825
4053,Hyundai,IF8716
4054,Lada,BZ9687
4055,Lada,OY4043
4056,Ford,OA5031
4057,Lada,QL9371
4058,Audi,DJ3446
4059,Lada,VS9238
4060,Nissan,SO8090
4061,Hyundai,XC1074
4062,Renault,GC8356
4063,Honda,WQ5009
4064,Ford,RY3713
4065,Renault,WS4310
4066,Opel,IO9653
4067,Toyota,HY4779
4068,BMW,DG2374
4069,Nissan,HU3811
4070,Hyundai,LQ4137
4071,Nissan,IM6633
4072,Ford,AG9803
4073,Hyundai,VN9514
4074,Toyota,GW5709
4075,Hyundai,KM3715
4076,BMW,ZN3154
4077,Opel,HX5493
4078,Hyundai,AQ1707
4079,Renault,OE8446
4080,Ford,RF8589
4081,Nissan,ZO7561
4082,Hyundai,ST4950
4083,Hyundai,TD8558
4084,BMW,IS3806
4085,BMW,LL5352
4086,Renault,GN4299
4087,Hyundai,QF1791
4088,Peugeot,SH2449
4089,Audi,DL3863
4090,Nissan,FS4834
4091,Renault,PU9108
4092,Audi,IU7574
4093,Lada,KX7276
4094,Audi,JO6322
4095,BMW,KI8433
4096,Nissan,KB2774
4097,Ford,ZO9317
4098,BMW,WR3337
4099,Nissan,GX1887
4100,Peugeot,RS4174
4101,Toyota,PD3945
4102,Nissan,LB1497
4103,Toyota,DF7526
4104,Honda,IC4365
4105,Renault,JX1777
4106,Toyota,PZ4771
4107,Ford,OZ5139
4108,Honda,XE3474
4109,Peugeot,WT5948
4110,Opel,IH1291
4111,Audi,OA8746
4112,Toyota,OH5336
4113,Honda,LF3002
4114,Audi,VS5562
4115,Lada,IR5413
4116,Honda,DW3036
4117,Nissan,XT9824
4118,Ford,EZ9024
4119,Lada,EC9888
4120,Lada,KK9737
4121,BMW,OP3972
4122,Opel,BC6325
4123,Audi,LX1870
4124,Nissan,XL3159
4125,Audi,DE3595
4126,Hyundai,YP3793
4127,BMW,LZ3273
4128,Audi,TV4022
4129,Audi,OV8653
4130,Toyota,VS5952
4131,Hyundai,KD8009
4132,Renault,QL1519
4133,Hyundai,HA1712
4134,Honda,DC4835
4135,Peugeot,ZT2610
4136,Toyota,SA6172
4137,Lada,UP3893
4138,Ford,GD3772
4139,Honda,HB7267
4140,Toyota,IW7764
4141,BMW,OY8852
4142,Audi,EG3626
4143,Ford,HN3730
4144,Hyundai,HY7394
4145,Renault,CX4768
4146,Nissan,IF4280
4147,Peugeot,SB9455
4148,Ford,GG8851
4149,Nissan,EK8168
4150,Nissan,AB8685
4151,Peugeot,LA5028
4152,Honda,BT5088
4153,Renault,HB3565
4154,Renault,IR1428
4155,Hyundai,KW7391
4156,Renault,NT8567
4157,Hyundai,OH9180
4158,Renault,MV7316
4159,Peugeot,SK9771
4160,Lada,HK6540
4161,Lada,PL6919
4162,Opel,IK7572
4163,Audi,KL9518
4164,Opel,MX8189
4165,Audi,AE3834
4166,Hyundai,TQ4759
4167,Renault,RB7379
4168,Hyundai,UE9779
4169,Peugeot,TY5177
4170,Toyota,IW9640
4171,Audi,DW6096
4172,Toyota,GC7124
4173,Opel,HM2674
4174,Ford,XK4345
4175,Peugeot,TX9165
4176,Lada,HX7545
4177,Honda,FS7619
4178,Nissan,II6977
4179,Opel,TQ8603
4180,Audi,QM8055
4181,BMW,JB5372
4182,Toyota,ZS1254
4183,Renault,RI5883
4184,Lada,KI1389
4185,Lada,ZX9371
4186,Toyota,CV5238
4187,Nissan,BU6555
4188,Opel,RF5251
4189,Renault,TZ6230
4190,BMW,CA5132
4191,Ford,DY4927
4192,Peugeot,HV8270
4193,Renault,XF7463
4194,Hyundai,LL5377
4195,Honda,YM4672
4196,Lada,MY2028
4197,Peugeot,MT1242
4198,Renault,UE3675
4199,Peugeot,AR9146
4200,Hyundai,TU5293
4201,Toyota,RL6485
4202,Ford,SX6328
4203,Toyota,SU9277
4204,Renault,JS8475
4205,Toyota,SL9376
4206,Hyundai,UU6960
4207,Opel,BD1254
4208,BMW,ZE9277
4209,Toyota,VK6163
4210,Nissan,XA2428
4211,BMW,SN4790
4212,Opel,QU5438
4213,Opel,IB8865
4214,Ford,NA1146
4215,Opel,VK1734
4216,Opel,LM5547
4217,Lada,II7639
4218,Hyundai,AQ2646
4219,Ford,HK9847
4220,Lada,UM5621
4221,Peugeot,OA1504
4222,Hyundai,QK5111
4223,Opel,MC3074
4224,Lada,IS4985
4225,Hyundai,ZQ5302
4226,BMW,IG9025
4227,Renault,ZB8105
4228,Opel,TG8380
4229,Peugeot,OE1581
4230,Nissan,VD6132
4231,BMW,UL4925
4232,Ford,OB8235
4233,Hyundai,PN2966
4234,Audi,BY1467
4235,Renault,JK8904
4236,Audi,KL3209
4237,Honda,QB3608
4238,Renault,FL6249
4239,Renault,UQ2654
4240,Audi,FD6839
4241,Peugeot,RL4333
4242,Honda,PR9422
4243,Renault,CM4084
4244,BMW,MB5697
4245,Ford,LF4713
4246,Toyota,KR9122
4247,Ford,AJ2562
4248,Ford,LU5505
4249,Renault,SA7929
4250,BMW,UZ6746
4251,Ford,DF9463
4252,Honda,WG8313
4253,Ford,SK9398
4254,Nissan,KT9615
4255,BMW,CG4677
4256,BMW,EL5559
4257,Peugeot,KV3693
4258,Peugeot,XO6687
4259,Nissan,CJ4113
4260,BMW,GN8065
4261,Lada,PL8723
4262,Nissan,JC2024
4263,Toyota,DZ1039
4264,Peugeot,RE5920
4265,Nissan,JG7801
4266,BMW,DF6653
4267,Peugeot,UQ7315
4268,Honda,NZ4478
4269,Audi,OS4113
4270,Nissan,BG4292
4271,Audi,AP7263
4272,Audi,QX9475
4273,Audi,PX3640
4274,Honda,XU9471
4275,Honda,DP1816
4276,Toyota,GG7515
4277,Opel,EV9765
4278,Audi,PZ2084
4279,Lada,YX4167
4280,Ford,ZG8497
4281,Renault,ZM4677
4282,Ford,SP9449
4283,Nissan,VL5787
4284,Toyota,QJ3508
4285,Hyundai,JT6692
4286,Peugeot,TE5622
4287,Hyundai,UL1879
4288,Honda,AH6111
4289,Toyota,FE7428
4290,Lada,YW6890
4291,Lada,DV2170
4292,BMW,MQ5682
4293,Hyundai,LZ2960
4294,Renault,YB6759
4295,Lada,XJ4426
4296,Audi,PY9218
4297,Honda,CL5670
4298,Ford,CU7425
4299,Nissan,OR6120
4300,Audi,DF3641
4301,Peugeot,QL6953
4302,Hyundai,CN5286
4303,Peugeot,QL5369
4304,Hyundai,DF8897
4305,Hyundai,RA4464
4306,BMW,DW7472
4307,BMW,AE1005
4308,Lada,LO4908
4309,Peugeot,BR4496
4310,Audi,YC6577
4311,Hyundai,PM5181
4312,Opel,CG1038
4313,Opel,GY4488
4314,Opel,OX5429
4315,Toyota,RJ8514
4316,Nissan,SO3701
4317,BMW,TS4771
4318,BMW,SY2852
4319,Audi,JQ1743
4320,Lada,HO5520
4321,Peugeot,VE7056
4322,Opel,KF6340
4323,BMW,OF6872
4324,Lada,WQ9548
4325,Audi,HB6032
4326,Lada,GH3909
4327,Honda,OA6364
4328,Ford,DL2969
4329,Honda,IG5310
4330,Hyundai,NG3045
4331,Honda,XD5615
4332,Hyundai,GD3046
4333,Nissan,PM8714
4334,Toyota,XQ7547
4335,Opel,XG4076
4336,Toyota,PW1389
4337,Opel,DJ6163
4338,Lada,NG5819
4339,Nissan,GB3426
4340,Peugeot,BB6736
4341,Ford,ZF1521
4342,Audi,RA7112
4343,Renault,RY1051
4344,Audi,KV8679
4345,Audi,SU5684
4346,Ford,NA5651
4347,Nissan,DY3878
4348,Honda,DI8655
4349,Honda,GL5493
4350,Honda,NP3131
4351,Hyundai,NU2892
4352,Nissan,JK9428
4353,Honda,DF2182
4354,Toyota,AB7568
4355,Nissan,IM3393
4356,Peugeot,NM7991
4357,Lada,GG9634
4358,Lada,IW9830
4359,Audi,JC6391
4360,Opel,VK2393
4361,Honda,ET5040
4362,Audi,XB5233
4363,BMW,DU3245
4364,Hyundai,GV6217
4365,Audi,AH7987
4366,Toyota,WI1435
4367,Opel,OH3961
4368,Toyota,GY5640
4369,Peugeot,QY2305
4370,Opel,TC2392
4371,Hyundai,FT3711
4372,BMW,HC4063
4373,BMW,BS6634
4374,Audi,IW6949
4375,Peugeot,AX9190
4376,BMW,HG4856
4377,Renault,XK1044
4378,BMW,EG8778
4379,Lada,GV3349
4380,Renault,CX3445
4381,Toyota,RB8962
4382,Hyundai,NM8071
4383,Peugeot,WO2040
4384,Opel,SG8990
4385,Opel,YN8608
4386,Honda,GN3398
4387,BMW,DC7636
4388,BMW,ZD2658
4389,Nissan,SG5483
4390,Renault,JV9790
4391,Audi,PZ2401
4392,Toyota,KV3551
4393,Toyota,CG6533
4394,Renault,QB5217
4395,Honda,EJ3493
4396,Nissan,CD8200
4397,Peugeot,HW7018
4398,Audi,XQ3468
4399,Audi,JE6644
4400,Ford,MO7112
4401,Lada,TC1960
4402,Opel,WK5841
4403,Hyundai,LI1097
4404,Hyundai,VN6349
4405,Audi,JF6206
4406,Honda,MW9252
4407,Opel,LV8222
4408,Peugeot,DN2887
4409,Ford,QV6618
4410,Ford,DI9006
4411,BMW,UZ8454
4412,Lada,VB9799
4413,BMW,IT8371
4414,Peugeot,PX2974
4415,Hyundai,NQ4075
4416,Renault,RE4287
4417,Lada,MY3220
4418,Hyundai,LU1598
4419,Audi,GI7938
4420,Ford,WO4205
4421,Toyota,ZL8303
4422,Audi,YP9205
4423,Honda,AT5044
4424,Honda,KR7343
4425,Hyundai,QW9868
4426,Opel,XH3932
4427,Honda,KO9032
4428,Audi,RK8929
4429,Renault,NT5767
4430,Toyota,ZK6495
4431,Renault,MK6331
4432,Lada,MP2526
4433,Peugeot,SG5240
4434,Honda,XA3923
4435,Ford,ZH7139
4436,BMW,EN9556
4437,Ford,IY5243
4438,Honda,HS8878
4439,Ford,HP9488
4440,Opel,TK4050
4441,Ford,GY3150
4442,Audi,MM3308
4443,Toyota,SZ5562
4444,Hyundai,HY2885
4445,Audi,TG7797
4446,Lada,DW9630
4447,Renault,TP9925
4448,Opel,CJ1045
4449,Hyundai,AU6440
4450,Opel,NI8040
4451,Opel,JE4764
4452,Audi,SR3418
4453,Audi,FK7560
4454,Lada,XX8308
4455,Ford,AY7439
4456,Honda,ZR2042
4457,Renault,EB5705
4458,Opel,US5074
4459,Audi,QF7908
4460,Hyundai,GW9683
4461,Honda,LK1683
4462,Nissan,PK9167
4463,Peugeot,LA6386
4464,Toyota,YP8438
4465,Renault,NZ9309
4466,Renault,QK3747
4467,Ford,AJ7581
4468,Honda,SL4452
4469,Renault,IN2707
4470,Hyundai,AX3965
4471,Nissan,KO3526
4472,Renault,XF9970
4473,Hyundai,HK1256
4474,Opel,GC5362
4475,Lada,DB5361
4476,Peugeot,YC4600
4477,Toyota,QD1369
4478,Lada,JJ9511
4479,Honda,OD6169
4480,Ford,UY2721
4481,Nissan,DP5112
4482,Honda,IR1153
4483,Peugeot,PY7527
4484,Peugeot,FY9348
4485,Toyota,KR9382
4486,Hyundai,PR5336
4487,Peugeot,HF5220
4488,Lada,CJ3350
4489,Peugeot,UM7630
4490,Lada,RC7880
4491,Lada,ID3383
4492,Audi,SR4430
4493,Honda,ZS3325
4494,Opel,UY2751
4495,Audi,ER6918
4496,Renault,TE1938
4497,Audi,JL2342
4498,Nissan,NI3882
4499,Nissan,JJ3320
4500,Honda,UI1543
4501,Hyundai,OB3413
4502,Peugeot,TX8122
4503,Hyundai,IH1691
4504,Hyundai,CK6949
4505,Opel,ZH3461
4506,Hyundai,TJ4183
4507,Honda,FY8304
4508,Hyundai,LM7061
4509,Nissan,KQ3915
4510,Ford,BR1550
4511,Ford,KX3532
4512,Peugeot,JX8386
4513,Toyota,TL8005
4514,Lada,DI6046
4515,Renault,UR3951
4516,Hyundai,ZF4691
4517,Ford,MD8984
4518,Lada,BS3694
4519,Nissan,GB5485
4520,Renault,RU9320
4521,Lada,OM6584
4522,Renault,FX4658
4523,Honda,HU6321
4524,Renault,JB8422
4525,Audi,MY1902
4526,Toyota,IN9926
4527,Audi,EN4391
4528,Lada,LA6988
4529,Peugeot,AP7312
4530,Nissan,YG8594
4531,Ford,JG3147
4532,Honda,VD6839
4533,Honda,ET6474
4534,Hyundai,UM4367
4535,Lada,MU3376
4536,Toyota,PF2084
4537,Renault,QE4044
4538,Opel,SZ4314
4539,Nissan,OR9568
4540,Ford,CT1221
4541,Hyundai,PK8859
4542,Toyota,UX5814
4543,Ford,TL7347
4544,Honda,ED2113
4545,Hyundai,DD9568
4546,Nissan,SB9479
4547,Lada,KK5051
4548,Audi,QK2016
4549,Toyota,AB4798
4550,Hyundai,HY2096
4551,Ford,YZ1373
4552,BMW,XM8662
4553,Opel,IF5955
4554,Honda,EY9991
4555,Honda,GV7368
4556,Ford,PA4841
4557,Lada,JK6456
4558,Lada,GK6117
4559,Audi,QK9106
4560,Audi,YK7073
4561,Opel,BF8674
4562,Hyundai,CO1607
4563,BMW,IO1902
4564,Toyota,PY7940
4565,Honda,MC7524
4566,BMW,CM6884
4567,Opel,YW3008
4568,Lada,MY7782
4569,Hyundai,UF7868
4570,Opel,RD3258
4571,BMW,LL4782
4572,Opel,ZB1560
4573,Toyota,NL5027
4574,Ford,FC5278
4575,BMW,VL8865
4576,Hyundai,AG6103
4577,Peugeot,IS8247
4578,Audi,LN8636
4579,Audi,AJ9026
4580,Hyundai,LN9079
4581,Nissan,BR5248
4582,Ford,GP6749
4583,Peugeot,SE7358
4584,Audi,WN9808
4585,Audi,VG9611
4586,Hyundai,FP1947
4587,Opel,IL7015
4588,Honda,KN1461
4589,Renault,CQ1499
4590,Toyota,DB9299
4591,Audi,RS8474
4592,BMW,OC2024
4593,Nissan,GK6781
4594,Lada,QM4563
4595,Opel,MR9586
4596,Audi,JI4294
4597,Opel,TR8013
4598,Lada,ZA2668
4599,Honda,TR7615
4600,Ford,DN5762
4601,Nissan,OI1417
4602,Nissan,CW4383
4603,Honda,JM9453
4604,Peugeot,IF7095
4605,Nissan,IA8638
4606,Renault,NS4715
4607,Opel,GC5184
4608,Hyundai,PA8322
4609,Toyota,PF8501
4610,Hyundai,RM1334
4611,Honda,PY2658
4612,Audi,EW5518
4613,Renault,BE8089
4614,Honda,FZ6887
4615,Peugeot,LB9463
4616,Hyundai,CO5216
4617,Opel,WS6797
4618,Honda,XV2392
4619,Opel,VN4150
4620,Audi,HP4767
4621,Opel,HI9246
4622,Honda,KG8857
4623,Opel,MP7876
4624,Opel,DA1990
4625,Nissan,SY5262
4626,BMW,OD7253
4627,Nissan,KW9535
4628,Toyota,VU8984
4629,Toyota,DS7740
4630,Toyota,FG3195
4631,Hyundai,IB8514
4632,Toyota,IK7881
4633,Honda,YW6679
4634,Honda,LO2427
4635,Opel,JI7397
4636,Audi,XW4345
4637,Nissan,BG6004
4638,Nissan,UG7819
4639,Ford,OW7021
4640,Renault,AR8565
4641,Honda,QJ5928
4642,Peugeot,TV5827
4643,Renault,GB5830
4644,Ford,EJ7583
4645,Honda,VG2459
4646,Ford,CV5845
4647,Nissan,PO6249
4648,Toyota,JW9193
4649,Hyundai,IT1921
4650,Peugeot,MA6893
4651,Audi,UH2067
4652,Hyundai,ZJ9395
4653,Opel,BA7304
4654,Lada,FG7351
4655,Ford,YZ4908
4656,Peugeot,KA5620
4657,Audi,QF3668
4658,Nissan,UI8812
4659,Lada,LB1758
4660,Hyundai,FP8904
4661,Ford,NC4018
4662,Opel,SI5802
4663,Peugeot,WE7068
4664,Lada,OY2259
4665,Renault,US2275
4666,Toyota,NU8826
4667,Hyundai,GQ3496
4668,Toyota,BC2192
4669,Audi,VT9264
4670,Peugeot,FO6910
4671,BMW,UD2639
4672,BMW,SM6806
4673,Nissan,EK3546
4674,Peugeot,PP5901
4675,Honda,KM5868
4676,Hyundai,OJ6064
4677,Audi,AA1021
4678,Ford,RO8997
4679,Peugeot,YH1966
4680,Honda,ZX2689
4681,Ford,QJ1266
4682,Nissan,KK6674
4683,Honda,AO8840
4684,BMW,ED3687
4685,Hyundai,QM1426
4686,Ford,JV4981
4687,Opel,BB2150
4688,Opel,GF3877
4689,Nissan,CD3491
4690,Nissan,BD6883
4691,BMW,JD6079
4692,BMW,KE8528
4693,Opel,SU4191
4694,BMW,IW2613
4695,Hyundai,CW5937
4696,Renault,RT8752
4697,Toyota,GR9163
4698,Audi,HR7552
4699,Peugeot,GI8023
4700,Hyundai,KL6798
4701,Ford,LH2572
4702,Opel,TD7157
4703,Audi,GS9456
4704,Nissan,IP8899
4705,Peugeot,YG7756
4706,Renault,GC3085
4707,Toyota,UC2677
4708,Ford,RL5722
4709,Opel,WZ3571
4710,BMW,HM4533
4711,Nissan,HD8084
4712,Ford,XM6635
4713,Toyota,DT1314
4714,Honda,HI4556
4715,Ford,EI9861
4716,Hyundai,HQ1056
4717,Renault,MG8256
4718,Opel,CG8581
4719,Nissan,SJ9172
4720,Lada,FI2271
4721,Honda,AN1998
4722,Ford,QQ7645
4723,Lada,RD1269
4724,Peugeot,ZE1962
4725,Hyundai,CR1090
4726,Renault,HF1291
4727,Honda,LO4162
4728,Honda,DR8939
4729,Lada,NJ1219
4730,Toyota,EE5091
4731,Ford,IJ2361
4732,Renault,CQ4493
4733,Ford,IH9573
4734,Ford,FJ4103
4735,Renault,EJ5461
4736,BMW,PY7263
4737,Honda,OZ7528
4738,Toyota,CZ2646
4739,Hyundai,XD3499
4740,Lada,DB5778
4741,Honda,MO7620
4742,Peugeot,HY5351
4743,Peugeot,JN8907
4744,Renault,GB7830
4745,Peugeot,ZU2181
4746,Honda,IS1221
4747,Peugeot,YR8806
4748,Nissan,LP7957
4749,Honda,SF2560
4750,Renault,OJ4203
4751,BMW,GW8064
4752,Hyundai,IZ3502
4753,Honda,ET2101
4754,Honda,XV4330
4755,Toyota,UN9238
4756,Hyundai,SB9385
4757,Peugeot,HL8059
4758,Honda,JS8849
4759,Opel,SQ3590
4760,Opel,RP5146
4761,BMW,GE4561
4762,Opel,BJ7562
4763,Hyundai,EX8519
4764,Hyundai,EV6928
4765,Nissan,RZ4540
4766,Ford,MQ9807
4767,Toyota,UQ8693
4768,Nissan,ZW5582
4769,Ford,PM4508
4770,Renault,MZ4755
4771,Toyota,MA3240
4772,Opel,DJ4434
4773,Audi,FB7296
4774,BMW,IQ4050
4775,BMW,HE3842
4776,Peugeot,YF3563
4777,Hyundai,WO8623
4778,Opel,FH8246
4779,Toyota,DF6556
4780,Lada,HV8889
4781,Honda,LX4796
4782,Lada,IB4174
4783,Nissan,SC7748
4784,Toyota,YV4483
4785,Hyundai,LN3558
4786,Renault,OY7095
4787,Honda,BW7258
4788,Ford,OJ5057
4789,Honda,AA3163
4790,Honda,XL1695
4791,Opel,QZ9066
4792,Honda,RM3972
4793,Renault,NA5628
4794,Audi,GH3471
4795,Opel,PU7402
4796,BMW,HW8006
4797,Opel,OF6150
4798,Nissan,IE1216
4799,Opel,QK5291
4800,Audi,XM8010
4801,Lada,IT6963
4802,Lada,DW3945
4803,Lada,AJ2576
4804,Peugeot,MZ3131
4805,Honda,LV5118
4806,Audi,ZP6514
4807,Audi,CF8440
4808,Audi,RS3564
4809,Honda,FQ5129
4810,BMW,KO1569
4811,Ford,ZV6114
4812,Toyota,NM6914
4813,Peugeot,NC9394
4814,Ford,RZ9393
4815,Toyota,LC2559
4816,Opel,DR8486
4817,Ford,JS8489
4818,Toyota,PG9101
4819,Toyota,HR7393
4820,BMW,KF6870
4821,Honda,OP6506
4822,Hyundai,JR7424
4823,Renault,AY2631
4824,BMW,KH3093
4825,Lada,BV1623
4826,Hyundai,QL1322
4827,Peugeot,OO3614
4828,Nissan,WU6320
4829,Ford,LK2244
4830,Lada,HP6479
4831,BMW,AB8316
4832,Lada,HN3863
4833,BMW,HX1379
4834,Audi,GV5868
4835,Opel,VX2810
4836,Renault,II4993
4837,Peugeot,KS3427
4838,Hyundai,GN4877
4839,Lada,DX1306
4840,Opel,EC4596
4841,Ford,BY7117
4842,Ford,CL7094
4843,Peugeot,JN5020
4844,Opel,OZ3657
4845,Audi,AA5583
4846,Peugeot,BK1407
4847,Honda,CQ2841
4848,BMW,SR1491
4849,Audi,ME6770
4850,Ford,GD9644
4851,Hyundai,FM5002
4852,Ford,JN3650
4853,Lada,GX7193
4854,Toyota,BZ5348
4855,Renault,MP5478
4856,Peugeot,TV3780
4857,Toyota,IR2058
4858,Hyundai,VZ3371
4859,BMW,TZ5387
4860,Opel,ZZ3824
4861,Audi,KD2716
4862,Audi,LS2623
4863,Audi,VL9281
4864,Lada,PO6171
4865,Opel,KJ7910
4866,Nissan,ZC6783
4867,Toyota,BN6908
4868,Audi,RC2196
4869,Ford,OF5654
4870,Nissan,NQ6707
4871,Toyota,DR2636
4872,Hyundai,QC4288
4873,Ford,HB8210
4874,Lada,JM3286
4875,Opel,UA1472
4876,Nissan,OR5774
4877,Audi,VC5354
4878,Audi,NF3691
4879,Hyundai,CZ3668
4880,Honda,LE9992
4881,Honda,NM7871
4882,Ford,WS6290
4883,Lada,FK8525
4884,Honda,GF4471
4885,Renault,AV5655
4886,Hyundai,BM9042
4887,Ford,SO9977
4888,Toyota,CI9230
4889,Lada,SB9726
4890,Opel,DW8063
4891,Renault,RP1858
4892,Toyota,MR2378
4893,Toyota,MN3502
4894,Peugeot,UP7742
4895,Ford,UW1662
4896,BMW,DM1603
4897,Ford,TC1770
4898,Lada,YI7055
4899,Audi,EX9493
4900,Hyundai,DA4258
4901,Audi,QO9707
4902,BMW,PB9405
4903,Lada,IX7045
4904,Hyundai,CC1223
4905,Honda,OJ2639
4906,Renault,RE5548
4907,Nissan,UA4112
4908,Ford,LW7249
4909,Renault,VT1160
4910,Hyundai,WV4724
4911,Peugeot,ED4280
4912,Opel,IG6164
4913,Hyundai,CJ5098
4914,Hyundai,NA4685
4915,BMW,RJ4924
4916,Peugeot,CZ7396
4917,Opel,XX9452
4918,BMW,VM5287
4919,Toyota,PH4791
4920,Opel,NH7878
4921,Opel,IC8231
4922,Opel,GU8857
4923,Renault,JB1272
4924,Toyota,LO9388
4925,Audi,NM5530
4926,BMW,OB3258
4927,BMW,LP6771
4928,Nissan,LH8174
4929,Peugeot,IE7909
4930,Renault,VL1750
4931,Ford,MQ3329
4932,Renault,TH5007
4933,Ford,LS8386
4934,Opel,KP9912
4935,Renault,YN7942
4936,Renault,BV8752
4937,Ford,VJ1253
4938,Lada,DL9578
4939,Audi,PZ6974
4940,Lada,TX4495
4941,Toyota,EB7175
4942,Hyundai,FM1323
4943,Peugeot,AX8023
4944,Nissan,SY1750
4945,Nissan,NC2180
4946,Lada,RJ3509
4947,Honda,GT6653
4948,Audi,ET9597
4949,Hyundai,QA9132
4950,Audi,WW1904
4951,Hyundai,GU8854
4952,Peugeot,MM4377
4953,Opel,DS9518
4954,Toyota,EM5051
4955,Lada,GH3224
4956,Audi,RQ2212
4957,BMW,AE3862
4958,Peugeot,AE3474
4959,BMW,ZR1344
4960,BMW,XE9204
4961,Ford,WW2501
4962,Peugeot,CJ1181
4963,Nissan,XO9936
4964,Nissan,VL4766
4965,Ford,YN6847
4966,Audi,UC9488
4967,Ford,UG9653
4968,Audi,QM8270
4969,Ford,GT3452
4970,Audi,PS7473
4971,Hyundai,UX6352
4972,Toyota,TL2101
4973,Peugeot,UR9244
4974,Hyundai,VY4255
4975,Audi,DH1976
4976,Audi,GI1668
4977,BMW,RD6098
4978,Opel,BM8904
4979,Toyota,AF6039
4980,Opel,PN7289
4981,Ford,VH9883
4982,Honda,MU8287
4983,Nissan,AJ4476
4984,Renault,IN8717
4985,Lada,GT5219
4986,Honda,SS7951
4987,BMW,PK4662
4988,Honda,TK6687
4989,Ford,MJ4948
4990,Lada,OY3079
4991,Ford,OB4892
4992,Peugeot,TL4601
4993,Opel,RZ6010
4994,Toyota,XI6919
4995,Renault,HL6071
4996,Ford,XE1543
4997,Nissan,EH1227
4998,Nissan,MP4734
4999,Opel,NL2253
5000,Toyota,OX5905
5001,Audi,QJ4312
5002,BMW,VE3659
5003,Honda,VE8365
